iteration,0,1,2,3,4,5,6,7,8,9,mean_target,std_target,regret_0,regret_1,regret_2,regret_3,regret_4,regret_5,regret_6,regret_7,regret_8,regret_9,mean_regret,std_regret,cum_regret_0,cum_regret_1,cum_regret_2,cum_regret_3,cum_regret_4,cum_regret_5,cum_regret_6,cum_regret_7,cum_regret_8,cum_regret_9,mean_cum_regret,std_cum_regret
1,8.747577674319933e-05,0.1710155321012533,0.0302930736030404,0.0251957261738877,0.0129635745611051,0.0222658744156193,0.0101089832366909,0.0462209121751019,0.0022350808468259,0.835170807570392,0.11555570404606597,0.25770035754712817,33.22991252422325,33.058984467898746,33.199706926396956,33.204804273826106,33.21703642543889,33.20773412558438,33.219891016763306,33.183779087824895,33.227764919153174,32.394829192429604,33.11444429595393,0.25770035754712833,33.22991252422325,33.058984467898746,33.199706926396956,33.204804273826106,33.21703642543889,33.20773412558438,33.219891016763306,33.183779087824895,33.227764919153174,32.394829192429604,33.11444429595393,0.25770035754712833
2,0.3632273378977163,0.2695969829369088,0.0302930736030404,12.10644518590773,0.0129635745611051,0.2167920778134741,0.0101089832366909,0.0462209121751019,0.0152186300692647,4.053534713565286,1.712440147176632,3.857572890786683,32.86677266210228,32.960403017063086,33.199706926396956,21.123554814092266,33.21703642543889,33.013207922186524,33.219891016763306,33.183779087824895,33.21478136993073,29.176465286434713,31.51755985282337,3.8575728907866833,66.09668518632553,66.01938748496184,66.39941385279391,54.32835908791837,66.43407285087778,66.2209420477709,66.43978203352661,66.36755817564979,66.44254628908391,61.57129447886432,64.6320041487773,4.1152732483338115
3,0.3632273378977163,0.2695969829369088,0.0446567074347914,12.10644518590773,0.5575603213657078,0.2167920778134741,0.0504403041857106,0.0462209121751019,0.0152186300692647,4.053534713565286,1.7723693173351696,3.8319363268537656,32.86677266210228,32.960403017063086,33.18534329256521,21.123554814092266,32.67243967863429,33.013207922186524,33.179559695814284,33.183779087824895,33.21478136993073,29.176465286434713,31.457630682664824,3.831936326853765,98.96345784842781,98.97979050202493,99.58475714535912,75.45191390201063,99.10651252951207,99.23414996995743,99.6193417293409,99.5513372634747,99.65732765901464,90.74775976529904,96.08963483144213,7.947209575187577
4,0.3632273378977163,0.2695969829369088,0.0446567074347914,12.10644518590773,0.5575603213657078,0.2167920778134741,0.0504403041857106,0.0462209121751019,0.106780925986113,4.053534713565286,1.7815255469268543,3.8273778651503854,32.86677266210228,32.960403017063086,33.18534329256521,21.123554814092266,32.67243967863429,33.013207922186524,33.179559695814284,33.183779087824895,33.12321907401388,29.176465286434713,31.44847445307314,3.827377865150385,131.8302305105301,131.940193519088,132.77010043792433,96.5754687161029,131.77895220814636,132.24735789214395,132.79890142515518,132.73511635129958,132.78054673302853,119.92422505173374,127.53810928451526,11.774587440337962
5,0.3795506688534809,0.2695969829369088,0.0446567074347914,12.10644518590773,0.5575603213657078,1.000999304006599,0.1028304634786275,0.1577773631989421,0.106780925986113,4.053534713565286,1.8779732636734188,3.790452940876517,32.850449331146514,32.960403017063086,33.18534329256521,21.123554814092266,32.67243967863429,32.2290006959934,33.12716953652137,33.07222263680106,33.12321907401388,29.176465286434713,31.352026736326582,3.7904529408765164,164.6806798416766,164.9005965361511,165.95544373048955,117.69902353019518,164.45139188678064,164.47635858813734,165.92607096167654,165.80733898810064,165.90376580704242,149.10069033816845,158.89013602084185,15.565040381214478
6,0.3795506688534809,0.2695969829369088,0.4686461514475444,12.10644518590773,0.5575603213657078,4.314973198361743,1.8021576099380705,0.1577773631989421,1.817345712621984,4.053534713565286,2.5927587908197394,3.67748141621654,32.850449331146514,32.960403017063086,32.76135384855245,21.123554814092266,32.67243967863429,28.915026801638255,31.427842390061926,33.07222263680106,31.41265428737801,29.176465286434713,30.637241209180257,3.67748141621654,197.5311291728231,197.86099955321419,198.716797579042,138.82257834428745,197.12383156541495,193.3913853897756,197.35391335173847,198.8795616249017,197.31642009442044,178.27715562460315,189.5273772300221,19.242521797431017
7,3.107218755108297,0.2695969829369088,0.4686461514475444,12.10644518590773,0.5575603213657078,4.314973198361743,3.050491831083033,0.6940804955790689,1.817345712621984,4.053534713565286,3.0439893347977303,3.53247519374778,30.1227812448917,32.960403017063086,32.76135384855245,21.123554814092266,32.67243967863429,28.915026801638255,30.179508168916964,32.53591950442093,31.41265428737801,29.176465286434713,30.186010665202268,3.53247519374778,227.65391041771483,230.82140257027726,231.47815142759447,159.94613315837972,229.79627124404925,222.30641219141384,227.53342152065542,231.41548112932264,228.72907438179845,207.45362091103786,219.71338789522437,22.774996991178796
8,3.107218755108297,0.2695969829369088,0.4686461514475444,12.10644518590773,0.5575603213657078,4.314973198361743,3.064351424042929,0.6940804955790689,3.0959183829794035,4.053534713565286,3.173232561129462,3.506134389528437,30.1227812448917,32.960403017063086,32.76135384855245,21.123554814092266,32.67243967863429,28.915026801638255,30.165648575957068,32.53591950442093,30.134081617020595,29.176465286434713,30.056767438870537,3.506134389528437,257.77669166260654,263.78180558734033,264.23950527614693,181.069687972472,262.46871092268356,251.2214389930521,257.6990700966125,263.95140063374356,258.863155998819,236.63008619747256,249.7701553340949,26.281131380707233
9,3.3960905545910665,4.629995449517242,0.497916537792106,12.10644518590773,0.7952800125310538,4.314973198361743,3.1411968783409088,0.7754481032580057,3.50609171474504,4.053534713565286,3.7216972348610193,3.328624109020058,29.83390944540893,28.600004550482755,32.73208346220789,21.123554814092266,32.434719987468945,28.915026801638255,30.088803121659087,32.45455189674199,29.723908285254957,29.176465286434713,29.50830276513898,3.328624109020058,287.6106011080155,292.3818101378231,296.9715887383548,202.19324278656427,294.9034309101525,280.13646579469037,287.7878732182716,296.40595253048554,288.58706428407396,265.8065514839073,279.2784580992339,29.60975548972729
10,3.3960905545910665,4.629995449517242,0.5977292140512623,12.10644518590773,0.7952800125310538,4.314973198361743,3.1411968783409088,0.9573424834972306,3.703989802262926,4.053534713565286,3.7696577492626453,3.299430241958588,29.83390944540893,28.600004550482755,32.632270785948734,21.123554814092266,32.434719987468945,28.915026801638255,30.088803121659087,32.27265751650277,29.526010197737072,29.176465286434713,29.46034225073735,3.299430241958589,317.44451055342444,320.98181468830586,329.6038595243035,223.31679760065654,327.33815089762146,309.0514925963286,317.8766763399307,328.6786100469883,318.11307448181105,294.98301677034203,308.73880034997126,32.90918573168588
11,3.3960905545910665,6.347360889462927,0.5977292140512623,12.10644518590773,0.7952800125310538,4.314973198361743,3.1411968783409088,0.9573424834972306,3.703989802262926,4.053534713565286,3.941394293257214,3.392566996129516,29.83390944540893,26.88263911053707,32.632270785948734,21.123554814092266,32.434719987468945,28.915026801638255,30.088803121659087,32.27265751650277,29.526010197737072,29.176465286434713,29.28860570674279,3.3925669961295157,347.2784199988334,347.86445379884293,362.23613031025224,244.44035241474882,359.7728708850904,337.96651939796686,347.96547946158984,360.95126756349106,347.63908467954815,324.15948205677677,338.027406056714,36.3017527278154
12,3.3960905545910665,6.347360889462927,0.802186449444224,12.10644518590773,0.7952800125310538,4.314973198361743,3.1411968783409088,1.495591084272413,3.703989802262926,4.053534713565286,4.015664876874029,3.321351031527207,29.83390944540893,26.88263911053707,32.427813550555776,21.123554814092266,32.434719987468945,28.915026801638255,30.088803121659087,31.734408915727585,29.526010197737072,29.176465286434713,29.21433512312597,3.321351031527207,377.11232944424233,374.74709290938,394.663943860808,265.56390722884106,392.20759087255936,366.8815461996051,378.05428258324895,392.6856764792186,377.16509487728524,353.3359473432115,367.24174117984,39.623103759342605
13,3.3960905545910665,6.571311909615317,0.802186449444224,12.10644518590773,0.7952800125310538,4.314973198361743,3.1411968783409088,1.495591084272413,3.703989802262926,4.053534713565286,4.038059978889267,3.339525317675074,29.83390944540893,26.65868809038468,32.427813550555776,21.123554814092266,32.434719987468945,28.915026801638255,30.088803121659087,31.734408915727585,29.526010197737072,29.176465286434713,29.191940021110735,3.3395253176750743,406.9462388896513,401.40578099976466,427.09175741136374,286.6874620429333,424.6423108600283,395.79657300124336,408.14308570490806,424.4200853949462,406.69110507502234,382.51241262964624,396.43368120095073,42.96262907701768
14,3.3960905545910665,6.571311909615317,0.802186449444224,12.10644518590773,0.7952800125310538,4.314973198361743,3.1411968783409088,1.495591084272413,3.703989802262926,4.053534713565286,4.038059978889267,3.339525317675074,29.83390944540893,26.65868809038468,32.427813550555776,21.123554814092266,32.434719987468945,28.915026801638255,30.088803121659087,31.734408915727585,29.526010197737072,29.176465286434713,29.191940021110735,3.3395253176750743,436.78014833506023,428.0644690901493,459.5195709619195,307.81101685702555,457.07703084749727,424.7115998028816,438.2318888265672,456.15449431067384,436.21711527275943,411.68887791608097,425.62562122206145,46.30215439469276
15,3.4962195390222868,6.708489771035923,0.802186449444224,12.10644518590773,0.7952800125310538,4.314973198361743,3.1411968783409088,1.495591084272413,3.703989802262926,4.714100603207217,4.127847252438643,3.355647549542156,29.73378046097771,26.521510228964075,32.427813550555776,21.123554814092266,32.434719987468945,28.915026801638255,30.088803121659087,31.734408915727585,29.526010197737072,28.51589939679278,29.10215274756136,3.3556475495421565,466.51392879603793,454.5859793191134,491.94738451247525,328.9345716711178,489.5117508349662,453.62662660451986,468.3206919482263,487.88890322640145,465.7431254704965,440.2047773128738,454.72777396962283,49.65780194423491
16,3.4962195390222868,6.708489771035923,0.802186449444224,16.421042026029237,4.019033497666486,4.314973198361743,3.1411968783409088,1.495591084272413,4.88102140570597,4.714100603207217,4.999385445308641,4.352593237545026,29.73378046097771,26.521510228964075,32.427813550555776,16.80895797397076,29.210966502333513,28.915026801638255,30.088803121659087,31.734408915727585,28.348978594294028,28.51589939679278,28.230614554691357,4.352593237545026,496.24770925701563,481.10748954807747,524.375198063031,345.74352964508853,518.7227173372997,482.5416534061581,498.4094950698854,519.6233121421291,494.09210406479053,468.7206767096666,482.95838852431416,54.01039518177994
17,3.4962195390222868,7.7098365493601,0.802186449444224,16.421042026029237,4.019033497666486,4.314973198361743,3.2046931262006453,1.495591084272413,4.991635492573537,4.714100603207217,5.116931156613789,4.403875243694504,29.73378046097771,25.5201634506399,32.427813550555776,16.80895797397076,29.210966502333513,28.915026801638255,30.02530687379935,31.734408915727585,28.23836450742646,28.51589939679278,28.11306884338621,4.403875243694504,525.9814897179933,506.6276529987174,556.8030116135868,362.55248761905926,547.9336838396332,511.45668020779635,528.4348019436848,551.3577210578567,522.330468572217,497.2365761064594,511.07145736770036,58.41427042547444
18,4.5791897133587245,7.7098365493601,0.802186449444224,16.421042026029237,4.019033497666486,4.314973198361743,3.244867146681876,1.495591084272413,5.023406132912002,8.051738088916089,5.56618638870029,4.453251597417852,28.650810286641274,25.5201634506399,32.427813550555776,16.80895797397076,29.210966502333513,28.915026801638255,29.98513285331812,31.734408915727585,28.206593867087996,25.178261911083908,27.66381361129971,4.453251597417852,554.6323000046345,532.1478164493573,589.2308251641426,379.36144559303,577.1446503419667,540.3717070094347,558.4199347970028,583.0921299735843,550.537062439305,522.4148380175433,538.7352709790001,62.867522022892295
19,4.797060167720981,7.7098365493601,0.8030656672501232,16.421042026029237,4.019033497666486,4.314973198361743,3.619332149380397,1.495591084272413,5.924574625379167,8.051738088916089,5.715624705433673,4.423476466216094,28.432939832279015,25.5201634506399,32.42693433274987,16.80895797397076,29.210966502333513,28.915026801638255,29.6106678506196,31.734408915727585,27.30542537462083,25.178261911083908,27.51437529456632,4.423476466216094,583.0652398369135,557.6679798999971,621.6577594968925,396.17040356700073,606.3556168443001,569.286733811073,588.0306026476225,614.8265388893119,577.8424878139259,547.5930999286272,566.2496462735664,67.29099848910839
20,4.797060167720981,7.7098365493601,0.8030656672501232,16.421042026029237,4.019033497666486,9.651046025043716,3.719857947633148,2.17418265816117,5.924574625379167,8.051738088916089,6.327143725316021,4.4747716032061815,28.432939832279015,25.5201634506399,32.42693433274987,16.80895797397076,29.210966502333513,23.57895397495628,29.51014205236685,31.055817341838825,27.30542537462083,25.178261911083908,26.902856274683977,4.4747716032061815,611.4981796691925,583.188143350637,654.0846938296423,412.97936154097147,635.5665833466336,592.8656877860293,617.5407446999893,645.8823562311508,605.1479131885468,572.7713618397112,593.1525025482504,71.76577009231457
21,4.797060167720981,8.183456058949735,0.8030656672501232,16.421042026029237,4.019033497666486,9.651046025043716,3.809853199904368,2.17418265816117,5.924574625379167,8.051738088916089,6.383505201502107,4.487678568962436,28.432939832279015,25.04654394105026,32.42693433274987,16.80895797397076,29.210966502333513,23.57895397495628,29.42014680009563,31.055817341838825,27.30542537462083,25.178261911083908,26.84649479849789,4.487678568962436,639.9311195014715,608.2346872916872,686.5116281623922,429.7883195149422,664.777549848967,616.4446417609856,646.9608915000849,676.9381735729896,632.4533385631677,597.9496237507951,619.9989973467483,76.253448661277
22,4.797060167720981,10.933430752819648,0.8030656672501232,16.421042026029237,4.019033497666486,9.651046025043716,3.809853199904368,2.17418265816117,5.924574625379167,8.30496425649602,6.683825287647092,4.698964569989809,28.432939832279015,22.29656924718035,32.42693433274987,16.80895797397076,29.210966502333513,23.57895397495628,29.42014680009563,31.055817341838825,27.30542537462083,24.925035743503976,26.546174712352904,4.698964569989808,668.3640593337504,630.5312565388676,718.938562495142,446.59727748891294,693.9885163513005,640.023595735942,676.3810383001805,707.9939909148285,659.7587639377886,622.8746594942991,646.5451720591012,80.95241323126682
23,5.668892717213941,10.933430752819648,0.8030656672501232,16.421042026029237,8.43084613523142,10.142684600127543,3.809853199904368,2.17418265816117,5.924574625379167,8.30496425649602,7.261353663861264,4.618411257837104,27.561107282786054,22.29656924718035,32.42693433274987,16.80895797397076,24.799153864768577,23.087315399872452,29.42014680009563,31.055817341838825,27.30542537462083,24.925035743503976,25.96864633613874,4.618411257837103,695.9251666165364,652.827825786048,751.3654968278919,463.40623546288367,718.787670216069,663.1109111358144,705.8011851002761,739.0498082566673,687.0641893124094,647.799695237803,672.5138183952399,85.57082448910393
24,5.833413255635016,10.933430752819648,0.9639478991913296,16.421042026029237,8.43084613523142,10.142684600127543,3.809853199904368,2.17418265816117,5.924574625379167,8.873656937134191,7.350763208961308,4.6049354982528214,27.39658674436498,22.29656924718035,32.266052100808665,16.80895797397076,24.799153864768577,23.087315399872452,29.42014680009563,31.055817341838825,27.30542537462083,24.356343062865804,25.879236791038686,4.6049354982528214,723.3217533609014,675.1243950332284,783.6315489287006,480.2151934368544,743.5868240808376,686.1982265356868,735.2213319003718,770.1056255985062,714.3696146870303,672.1560383006688,698.3930551862786,90.17575998735674
25,5.833413255635016,12.204693120330637,1.101209894458198,16.421042026029237,8.43084613523142,10.142684600127543,3.894542554118432,2.17418265816117,5.924574625379167,8.873656937134191,7.500084580660501,4.702528433067291,27.39658674436498,21.02530687966936,32.128790105541796,16.80895797397076,24.799153864768577,23.087315399872452,29.335457445881566,31.055817341838825,27.30542537462083,24.356343062865804,25.729915419339495,4.702528433067291,750.7183401052664,696.1497019128979,815.7603390342424,497.02415141082514,768.3859779456061,709.2855419355592,764.5567893462534,801.1614429403451,741.6750400616512,696.5123813635346,724.1229706056181,94.87828842042403
26,5.833413255635016,12.204693120330637,1.101209894458198,16.421042026029237,8.43084613523142,10.142684600127543,4.299245653894077,2.17418265816117,5.924574625379167,11.542179611439224,7.807407158068569,4.82789071792145,27.39658674436498,21.02530687966936,32.128790105541796,16.80895797397076,24.799153864768577,23.087315399872452,28.93075434610592,31.055817341838825,27.30542537462083,21.687820388560773,25.422592841931426,4.827890717921451,778.1149268496314,717.1750087925673,847.8891291397842,513.8331093847959,793.1851318103746,732.3728573354316,793.4875436923593,832.2172602821839,768.9804654362721,718.2002017520954,749.5455634475495,99.70617913834548
27,5.833413255635016,12.204693120330637,1.101209894458198,16.421042026029237,8.53042686935809,10.23812865482593,4.299245653894077,2.17418265816117,7.049827925893939,11.766858959510223,7.961902901809651,4.817613961678264,27.39658674436498,21.02530687966936,32.128790105541796,16.80895797397076,24.69957313064191,22.99187134517407,28.93075434610592,31.055817341838825,26.180172074106057,21.463141040489774,25.268097098190346,4.817613961678264,805.5115135939964,738.2003156722367,880.0179192453261,530.6420673587667,817.8847049410165,755.3647286806057,822.4182980384652,863.2730776240228,795.1606375103781,739.6633427925851,774.8136605457398,104.52379310002374
28,5.833413255635016,12.798717309247472,1.5667084773697806,16.421042026029237,8.53042686935809,10.332548152070707,10.704738871503448,9.492126505731106,7.049827925893939,12.018250130110989,9.474779952294977,4.090457241127813,27.39658674436498,20.431282690752525,31.663291522630217,16.80895797397076,24.69957313064191,22.89745184792929,22.52526112849655,23.73787349426889,26.180172074106057,21.211749869889008,23.755220047705016,4.090457241127813,832.9081003383614,758.6315983629892,911.6812107679563,547.4510253327375,842.5842780716584,778.262180528535,844.9435591669618,887.0109511182917,821.3408095844842,760.8750926624741,798.5688805934449,108.61425034115155
29,5.833413255635016,13.672715799844864,1.5667084773697806,16.421042026029237,8.53042686935809,10.332548152070707,11.451729047323548,9.492126505731106,8.89776008788584,15.07684571543928,10.127531593668747,4.405322681983911,27.39658674436498,19.55728420015513,31.663291522630217,16.80895797397076,24.69957313064191,22.89745184792929,21.77827095267645,23.73787349426889,24.332239912114154,18.153154284560717,23.102468406331248,4.405322681983912,860.3046870827263,778.1888825631443,943.3445022905864,564.2599833067082,867.2838512023004,801.1596323764643,866.7218301196383,910.7488246125606,845.6730494965983,779.0282469470349,821.6713489997761,113.01957302313546
30,5.833413255635016,13.672715799844864,3.1558630734147863,16.421042026029237,8.53042686935809,10.332548152070707,11.451729047323548,11.072098732232094,12.424005745284614,15.07684571543928,10.797068841663224,4.079016802571143,27.39658674436498,19.55728420015513,30.07413692658521,16.80895797397076,24.69957313064191,22.89745184792929,21.77827095267645,22.157901267767905,20.805994254715383,18.153154284560717,22.432931158336775,4.079016802571143,887.7012738270913,797.7461667632994,973.4186392171716,581.068941280679,891.9834243329424,824.0570842243935,888.5001010723147,932.9067258803285,866.4790437513137,797.1814012315956,844.1042801581129,117.09858982570661
31,9.87774865537046,13.672715799844864,3.1558630734147863,16.421042026029237,8.53042686935809,10.377091874796534,11.451729047323548,11.072098732232094,12.424005745284614,15.07684571543928,11.205956753909351,3.715453964232288,23.352251344629536,19.55728420015513,30.07413692658521,16.80895797397076,24.69957313064191,22.852908125203463,21.77827095267645,22.157901267767905,20.805994254715383,18.153154284560717,22.02404324609065,3.7154539642322884,911.0535251717208,817.3034509634545,1003.4927761437568,597.8778992546498,916.6829974635843,846.909992349597,910.2783720249911,955.0646271480964,887.2850380060291,815.3345555161563,866.1283234042036,120.81404378993889
32,9.87774865537046,13.672715799844864,3.1558630734147863,16.421042026029237,8.53042686935809,10.377091874796534,11.451729047323548,11.072098732232094,12.424005745284614,15.07684571543928,11.205956753909351,3.715453964232288,23.352251344629536,19.55728420015513,30.07413692658521,16.80895797397076,24.69957313064191,22.852908125203463,21.77827095267645,22.157901267767905,20.805994254715383,18.153154284560717,22.02404324609065,3.7154539642322884,934.4057765163503,836.8607351636095,1033.566913070342,614.6868572286206,941.3825705942263,869.7629004748005,932.0566429776675,977.2225284158643,908.0910322607446,833.4877098007171,888.1523666502942,124.52949775417117
33,9.87774865537046,13.672715799844864,3.1558630734147863,16.421042026029237,8.53042686935809,10.377091874796534,11.451729047323548,11.072098732232094,12.424005745284614,15.07684571543928,11.205956753909351,3.715453964232288,23.352251344629536,19.55728420015513,30.07413692658521,16.80895797397076,24.69957313064191,22.852908125203463,21.77827095267645,22.157901267767905,20.805994254715383,18.153154284560717,22.02404324609065,3.7154539642322884,957.7580278609798,856.4180193637646,1063.6410499969272,631.4958152025914,966.0821437248683,892.615808600004,953.8349139303439,999.3804296836322,928.89702651546,851.6408640852778,910.1764098963848,128.24495171840346
34,9.87774865537046,13.672715799844864,3.1558630734147863,16.421042026029237,8.53042686935809,10.377091874796534,12.18385511190735,11.072098732232094,12.424005745284614,15.07684571543928,11.279169360367732,3.728026939636295,23.352251344629536,19.55728420015513,30.07413692658521,16.80895797397076,24.69957313064191,22.852908125203463,21.04614488809265,22.157901267767905,20.805994254715383,18.153154284560717,21.950830639632265,3.7280269396362953,981.1102792056093,875.9753035639197,1093.7151869235124,648.3047731765622,990.7817168555102,915.4687167252075,974.8810588184365,1021.5383309514001,949.7030207701754,869.7940183698386,932.1272405360171,131.97297865803975
35,9.87774865537046,13.672715799844864,3.1558630734147863,16.421042026029237,8.53042686935809,10.377091874796534,12.18385511190735,11.072098732232094,12.424005745284614,15.07684571543928,11.279169360367732,3.728026939636295,23.352251344629536,19.55728420015513,30.07413692658521,16.80895797397076,24.69957313064191,22.852908125203463,21.04614488809265,22.157901267767905,20.805994254715383,18.153154284560717,21.950830639632265,3.7280269396362953,1004.4625305502389,895.5325877640748,1123.7893238500976,665.113731150533,1015.4812899861522,938.321624850411,995.9272037065291,1043.696232219168,970.5090150248908,887.9471726543993,954.0780711756494,135.70100559767604
36,9.87774865537046,13.672715799844864,3.1558630734147863,16.421042026029237,8.53042686935809,11.183495283352665,12.760599322849629,15.946131030992268,12.424005745284614,15.07684571543928,11.904887352193589,3.992738893774275,23.352251344629536,19.55728420015513,30.07413692658521,16.80895797397076,24.69957313064191,22.046504716647334,20.469400677150368,17.283868969007727,20.805994254715383,18.153154284560717,21.32511264780641,3.992738893774276,1027.8147818948685,915.0898719642299,1153.8634607766828,681.9226891245038,1040.1808631167942,960.3681295670583,1016.3966043836795,1060.9801011881757,991.3150092796062,906.10032693896,975.4031838234558,139.69374449145033
37,11.648772498574392,13.672715799844864,3.1558630734147863,17.75190324680088,8.53042686935809,11.842206453660296,12.760599322849629,15.946131030992268,12.424005745284614,15.07684571543928,12.280946975621909,4.100070923436888,21.581227501425605,19.55728420015513,30.07413692658521,15.478096753199118,24.69957313064191,21.3877935463397,20.469400677150368,17.283868969007727,20.805994254715383,18.153154284560717,20.949053024378088,4.100070923436889,1049.3960093962942,934.647156164385,1183.937597703268,697.4007858777029,1064.8804362474361,981.755923113398,1036.8660050608298,1078.2639701571834,1012.1210035343216,924.2534812235208,996.3522368478339,143.79381541488723
38,11.648772498574392,13.672715799844864,8.292038762860653,17.75190324680088,12.664910100295783,12.329382323889211,12.760599322849629,15.946131030992268,12.424005745284614,15.113397656915854,13.260385648830814,2.591504753919299,21.581227501425605,19.55728420015513,24.937961237139344,15.478096753199118,20.565089899704212,20.900617676110784,20.469400677150368,17.283868969007727,20.805994254715383,18.116602343084143,19.96961435116918,2.5915047539192995,1070.9772368977199,954.2044403645401,1208.8755589404072,712.878882630902,1085.4455261471403,1002.6565407895088,1057.3354057379802,1095.547839126191,1032.926997789037,942.370083566605,1016.321851199003,146.38532016880654
39,11.648772498574392,13.672715799844864,8.292038762860653,17.75190324680088,12.76823991352284,12.329382323889211,12.760599322849629,15.946131030992268,12.424005745284614,15.113397656915854,13.270718630153521,2.589071489445278,21.581227501425605,19.55728420015513,24.937961237139344,15.478096753199118,20.461760086477156,20.900617676110784,20.469400677150368,17.283868969007727,20.805994254715383,18.116602343084143,19.959281369846476,2.589071489445278,1092.5584643991456,973.7617245646952,1233.8135201775465,728.3569793841011,1105.9072862336175,1023.5571584656195,1077.8048064151305,1112.8317080951988,1053.7329920437523,960.4866859096892,1036.2811325688494,148.97439165825182
40,12.432351670983245,13.672715799844864,8.292038762860653,17.75190324680088,12.76823991352284,12.329382323889211,12.760599322849629,16.752084570753752,13.72248170499364,15.113397656915854,13.559519497341459,2.625028159783771,20.797648329016752,19.55728420015513,24.937961237139344,15.478096753199118,20.461760086477156,20.900617676110784,20.469400677150368,16.477915429246245,19.507518295006356,18.116602343084143,19.670480502658542,2.625028159783771,1113.3561127281623,993.3190087648503,1258.7514814146857,743.8350761373002,1126.3690463200946,1044.4577761417304,1098.274207092281,1129.309623524445,1073.2405103387587,978.6032882527734,1055.951613071508,151.59941981803559
41,12.432351670983245,13.672715799844864,8.292038762860653,17.75190324680088,12.76823991352284,12.329382323889211,12.760599322849629,16.752084570753752,13.72248170499364,15.113397656915854,13.559519497341459,2.625028159783771,20.797648329016752,19.55728420015513,24.937961237139344,15.478096753199118,20.461760086477156,20.900617676110784,20.469400677150368,16.477915429246245,19.507518295006356,18.116602343084143,19.670480502658542,2.625028159783771,1134.153761057179,1012.8762929650054,1283.689442651825,759.3131728904993,1146.8308064065718,1065.3583938178413,1118.7436077694313,1145.7875389536912,1092.748028633765,996.7198905958576,1075.6220935741667,154.22444797781935
42,12.432351670983245,14.752951205827058,14.264185964966453,17.75190324680088,12.76823991352284,12.329382323889211,12.760599322849629,16.752084570753752,13.72248170499364,15.113397656915854,14.264757758150257,1.8620482418330158,20.797648329016752,18.477048794172937,18.965814035033546,15.478096753199118,20.461760086477156,20.900617676110784,20.469400677150368,16.477915429246245,19.507518295006356,18.116602343084143,18.96524224184974,1.8620482418330155,1154.9514093861958,1031.3533417591784,1302.6552566868586,774.7912696436985,1167.292566493049,1086.2590114939521,1139.2130084465816,1162.2654543829374,1112.2555469287713,1014.8364929389418,1094.5873358160163,156.08649621965236
43,12.432351670983245,16.970198201846834,16.597623550293047,18.55015852833053,12.76823991352284,12.329382323889211,12.760599322849629,16.752084570753752,13.72248170499364,15.113397656915854,14.799651744437856,2.2869608863155984,20.797648329016752,16.259801798153163,16.63237644970695,14.679841471669466,20.461760086477156,20.900617676110784,20.469400677150368,16.477915429246245,19.507518295006356,18.116602343084143,18.430348255562137,2.2869608863155984,1175.7490577152125,1047.6131435573316,1319.2876331365655,789.4711111153679,1187.7543265795262,1107.159629170063,1159.682409123732,1178.7433698121836,1131.7630652237776,1032.953095282026,1113.0176840715785,158.37345710596796
44,12.576058717477196,16.970198201846834,16.597623550293047,18.55015852833053,12.76823991352284,12.398198239002191,12.760599322849629,16.752084570753752,13.72248170499364,15.113397656915854,14.820904040598553,2.262550146758132,20.6539412825228,16.259801798153163,16.63237644970695,14.679841471669466,20.461760086477156,20.831801760997806,20.469400677150368,16.477915429246245,19.507518295006356,18.116602343084143,18.409095959401444,2.262550146758132,1196.4029989977353,1063.8729453554847,1335.9200095862725,804.1509525870373,1208.2160866660033,1127.991430931061,1180.1518098008823,1195.2212852414298,1151.270583518784,1051.0696976251102,1131.42678003098,160.6360072527261
45,12.729339668596612,16.970198201846834,16.597623550293047,18.55015852833053,12.76823991352284,12.398198239002191,12.760599322849629,16.752084570753752,15.078397228385183,17.78342840551451,15.238826762909515,2.3854113246552657,20.500660331403385,16.259801798153163,16.63237644970695,14.679841471669466,20.461760086477156,20.831801760997806,20.469400677150368,16.477915429246245,18.15160277161481,15.446571594485487,17.991173237090486,2.3854113246552657,1216.9036593291387,1080.1327471536379,1352.5523860359795,818.8307940587067,1228.6778467524805,1148.8232326920588,1200.6212104780327,1211.699200670676,1169.4221862903987,1066.5162692195956,1149.4179532680703,163.02141857738138
46,12.729339668596612,16.970198201846834,16.597623550293047,19.82910744015151,12.76823991352284,12.398198239002191,12.760599322849629,16.752084570753752,15.078397228385183,17.92756654889601,15.381135468429761,2.6219002813025063,20.500660331403385,16.259801798153163,16.63237644970695,13.400892559848486,20.461760086477156,20.831801760997806,20.469400677150368,16.477915429246245,18.15160277161481,15.302433451103987,17.848864531570236,2.6219002813025063,1237.4043196605421,1096.392548951791,1369.1847624856864,832.2316866185552,1249.1396068389577,1169.6550344530567,1221.090611155183,1228.1771160999222,1187.5737890620135,1081.8187026706996,1167.2668177996404,165.6433188586839
47,12.729339668596612,16.970198201846834,16.597623550293047,19.82910744015151,12.76823991352284,12.398198239002191,12.760599322849629,16.752084570753752,15.078397228385183,17.92756654889601,15.381135468429761,2.6219002813025063,20.500660331403385,16.259801798153163,16.63237644970695,13.400892559848486,20.461760086477156,20.831801760997806,20.469400677150368,16.477915429246245,18.15160277161481,15.302433451103987,17.848864531570236,2.6219002813025063,1257.9049799919455,1112.6523507499442,1385.8171389353934,845.6325791784036,1269.6013669254348,1190.4868362140546,1241.5600118323334,1244.6550315291684,1205.7253918336282,1097.1211361218036,1185.1156823312106,168.2652191399864
48,12.729339668596612,16.970198201846834,16.597623550293047,19.82910744015151,12.76823991352284,12.398198239002191,12.760599322849629,16.752084570753752,15.078397228385183,17.92756654889601,15.381135468429761,2.6219002813025063,20.500660331403385,16.259801798153163,16.63237644970695,13.400892559848486,20.461760086477156,20.831801760997806,20.469400677150368,16.477915429246245,18.15160277161481,15.302433451103987,17.848864531570236,2.6219002813025063,1278.405640323349,1128.9121525480973,1402.4495153851003,859.033471738252,1290.063127011912,1211.3186379750525,1262.0294125094838,1261.1329469584145,1223.876994605243,1112.4235695729076,1202.9645468627807,170.88711942128893
49,12.729339668596612,16.970198201846834,16.597623550293047,19.82910744015151,12.76823991352284,12.398198239002191,12.760599322849629,16.752084570753752,15.078397228385183,17.92756654889601,15.381135468429761,2.6219002813025063,20.500660331403385,16.259801798153163,16.63237644970695,13.400892559848486,20.461760086477156,20.831801760997806,20.469400677150368,16.477915429246245,18.15160277161481,15.302433451103987,17.848864531570236,2.6219002813025063,1298.9063006547524,1145.1719543462505,1419.0818918348073,872.4343642981005,1310.5248870983892,1232.1504397360504,1282.4988131866342,1277.6108623876607,1242.0285973768578,1127.7260030240116,1220.8134113943509,173.50901970259144
50,12.729339668596612,16.970198201846834,16.597623550293047,19.82910744015151,13.421432600581516,12.398198239002191,12.760599322849629,16.752084570753752,15.078397228385183,17.943903263476425,15.448088408593668,2.5586694128230367,20.500660331403385,16.259801798153163,16.63237644970695,13.400892559848486,19.80856739941848,20.831801760997806,20.469400677150368,16.477915429246245,18.15160277161481,15.286096736523572,17.781911591406327,2.5586694128230363,1319.4069609861558,1161.4317561444036,1435.7142682845142,885.8352568579489,1330.3334544978077,1252.9822414970483,1302.9682138637845,1294.088777816907,1260.1802001484725,1143.0120997605352,1238.595322985757,176.06768911541448
51,12.729339668596612,17.475577944293818,16.597623550293047,20.020353822731177,13.421432600581516,12.398198239002191,12.760599322849629,16.752084570753752,15.078397228385183,17.943903263476425,15.517751021096334,2.632674021647976,20.500660331403385,15.75442205570618,16.63237644970695,13.20964617726882,19.80856739941848,20.831801760997806,20.469400677150368,16.477915429246245,18.15160277161481,15.286096736523572,17.712248978903666,2.6326740216479756,1339.9076213175592,1177.1861782001097,1452.3466447342212,899.0449030352178,1350.1420218972262,1273.8140432580462,1323.4376145409349,1310.5666932461531,1278.3318029200873,1158.2981964970588,1256.3075719646608,178.70036313706245
52,12.729339668596612,17.475577944293818,16.597623550293047,20.020353822731177,15.908305748885995,12.398198239002191,12.760599322849629,16.752084570753752,15.36345470753364,17.943903263476425,15.794944083841628,2.521003994673076,20.500660331403385,15.75442205570618,16.63237644970695,13.20964617726882,17.321694251114003,20.831801760997806,20.469400677150368,16.477915429246245,17.866545292466355,15.286096736523572,17.43505591615837,2.521003994673076,1360.4082816489627,1192.9406002558158,1468.9790211839281,912.2545492124866,1367.4637161483402,1294.6458450190441,1343.9070152180852,1327.0446086753993,1296.1983482125536,1173.5842932335825,1273.742627880819,181.22136713173552
53,13.515914273467695,17.475577944293818,16.597623550293047,20.020353822731177,15.908305748885995,12.398198239002191,14.746897034760336,16.752084570753752,16.36556282231338,17.943903263476425,16.17244212699778,2.201028197651456,19.714085726532304,15.75442205570618,16.63237644970695,13.20964617726882,17.321694251114003,20.831801760997806,18.48310296523966,16.477915429246245,16.864437177686618,15.286096736523572,17.057557873002217,2.2010281976514565,1380.122367375495,1208.6950223115218,1485.611397633635,925.4641953897554,1384.7854103994541,1315.477646780042,1362.3901181833248,1343.5225241046455,1313.0627853902402,1188.870389970106,1290.8001857538213,183.42239532938697
54,13.515914273467695,17.475577944293818,16.597623550293047,20.020353822731177,15.908305748885995,12.398198239002191,14.746897034760336,16.752084570753752,16.36556282231338,17.943903263476425,16.17244212699778,2.201028197651456,19.714085726532304,15.75442205570618,16.63237644970695,13.20964617726882,17.321694251114003,20.831801760997806,18.48310296523966,16.477915429246245,16.864437177686618,15.286096736523572,17.057557873002217,2.2010281976514565,1399.8364531020275,1224.449444367228,1502.243774083342,938.6738415670243,1402.107104650568,1336.30944854104,1380.8732211485644,1360.0004395338917,1329.9272225679267,1204.1564867066297,1307.8577436268235,185.62342352703843
55,14.498064372868177,17.475577944293818,16.597623550293047,20.020353822731177,15.908305748885995,12.398198239002191,14.746897034760336,16.752084570753752,16.36556282231338,17.943903263476425,16.270657136937828,2.0883450355319653,18.73193562713182,15.75442205570618,16.63237644970695,13.20964617726882,17.321694251114003,20.831801760997806,18.48310296523966,16.477915429246245,16.864437177686618,15.286096736523572,16.95934286306217,2.088345035531965,1418.5683887291593,1240.203866422934,1518.876150533049,951.8834877442931,1419.428798901682,1357.1412503020379,1399.356324113804,1376.478354963138,1346.7916597456133,1219.4425834431534,1324.8170864898857,187.7117685625704
56,14.498064372868177,18.68005517168925,16.597623550293047,20.020353822731177,16.501587412045136,12.701429894586624,14.746897034760336,16.752084570753752,16.36556282231338,17.943903263476425,16.48075619155173,2.1298953795935676,18.73193562713182,14.549944828310746,16.63237644970695,13.20964617726882,16.72841258795486,20.528570105413372,18.48310296523966,16.477915429246245,16.864437177686618,15.286096736523572,16.749243808448266,2.129895379593567,1437.3003243562912,1254.7538112512448,1535.508526982756,965.093133921562,1436.157211489637,1377.6698204074512,1417.8394270790436,1392.956270392384,1363.6560969232999,1234.728680179677,1341.566330298334,189.84166394216396
57,14.498064372868177,18.68005517168925,16.597623550293047,20.020353822731177,16.501587412045136,12.701429894586624,14.746897034760336,18.051944397469363,16.36556282231338,17.943903263476425,16.61074217422329,2.1871884205849907,18.73193562713182,14.549944828310746,16.63237644970695,13.20964617726882,16.72841258795486,20.528570105413372,18.48310296523966,15.178055602530634,16.864437177686618,15.286096736523572,16.619257825776707,2.1871884205849903,1456.032259983423,1269.3037560795556,1552.140903432463,978.3027800988308,1452.8856240775917,1398.1983905128645,1436.3225300442832,1408.1343259949147,1380.5205341009864,1250.0147769162006,1358.1855881241106,192.02885236274895
58,14.498064372868177,18.68005517168925,17.414804497621407,20.020353822731177,16.501587412045136,12.701429894586624,14.746897034760336,18.051944397469363,16.36556282231338,17.943903263476425,16.69246026895613,2.2018604339617616,18.73193562713182,14.549944828310746,15.81519550237859,13.20964617726882,16.72841258795486,20.528570105413372,18.48310296523966,15.178055602530634,16.864437177686618,15.286096736523572,16.53753973104387,2.201860433961761,1474.764195610555,1283.8537009078664,1567.9560989348415,991.5124262760996,1469.6140366655466,1418.7269606182779,1454.8056330095228,1423.3123815974452,1397.384971278673,1265.3008736527242,1374.7231278551544,194.23071279671072
59,14.498064372868177,18.68005517168925,17.500508630634425,20.020353822731177,16.501587412045136,12.701429894586624,14.746897034760336,18.051944397469363,16.36556282231338,17.943903263476425,16.70103068225743,2.2051487928154745,18.73193562713182,14.549944828310746,15.729491369365572,13.20964617726882,16.72841258795486,20.528570105413372,18.48310296523966,15.178055602530634,16.864437177686618,15.286096736523572,16.52896931774257,2.205148792815474,1493.4961312376868,1298.4036457361772,1583.6855903042072,1004.7220724533685,1486.3424492535014,1439.2555307236912,1473.2887359747624,1438.4904371999758,1414.2494084563596,1280.5869703892479,1391.252097172897,196.43586158952618
60,14.498064372868177,18.68005517168925,17.500508630634425,20.020353822731177,16.501587412045136,12.701429894586624,14.746897034760336,19.50590914547855,16.86245523451113,17.943903263476425,16.896116398278124,2.341401312335454,18.73193562713182,14.549944828310746,15.729491369365572,13.20964617726882,16.72841258795486,20.528570105413372,18.48310296523966,13.724090854521446,16.367544765488866,15.286096736523572,16.333883601721872,2.3414013123354533,1512.2280668648186,1312.953590564488,1599.4150816735728,1017.9317186306373,1503.0708618414562,1459.7841008291045,1491.771838940002,1452.2145280544971,1430.6169532218485,1295.8730671257715,1407.585980774619,198.77726290186163
61,14.498064372868177,18.68005517168925,17.500508630634425,20.020353822731177,16.501587412045136,12.701429894586624,14.746897034760336,19.50590914547855,16.86245523451113,20.83557736206216,17.1852838081367,2.644170914162124,18.73193562713182,14.549944828310746,15.729491369365572,13.20964617726882,16.72841258795486,20.528570105413372,18.48310296523966,13.724090854521446,16.367544765488866,12.394422637937836,16.0447161918633,2.6441709141621237,1530.9600024919505,1327.5035353927988,1615.1445730429384,1031.141364807906,1519.799274429411,1480.3126709345179,1510.2549419052416,1465.9386189090185,1446.9844979873374,1308.2674897637094,1423.6306969664822,201.42143381602375
62,14.498064372868177,18.68005517168925,17.500508630634425,20.87476141550487,16.501587412045136,12.701429894586624,14.746897034760336,19.50590914547855,16.86245523451113,20.83557736206216,17.270724567414067,2.7573413161527776,18.73193562713182,14.549944828310746,15.729491369365572,12.355238584495126,16.72841258795486,20.528570105413372,18.48310296523966,13.724090854521446,16.367544765488866,12.394422637937836,15.95927543258593,2.7573413161527767,1549.6919381190824,1342.0534802211096,1630.874064412304,1043.496603392401,1536.527687017366,1500.8412410399312,1528.7380448704812,1479.6627097635399,1463.3520427528263,1320.6619124016472,1439.589972399068,204.17877513217653
63,14.498064372868177,18.68005517168925,19.324997956999937,20.87476141550487,16.501587412045136,12.701429894586624,14.746897034760336,19.50590914547855,16.86245523451113,20.83557736206216,17.453173500050617,2.8335439630947548,18.73193562713182,14.549944828310746,13.90500204300006,12.355238584495126,16.72841258795486,20.528570105413372,18.48310296523966,13.724090854521446,16.367544765488866,12.394422637937836,15.77682649994938,2.8335439630947543,1568.4238737462142,1356.6034250494204,1644.779066455304,1055.8518419768961,1553.2560996053207,1521.3698111453446,1547.2211478357208,1493.3868006180612,1479.7195875183152,1333.056335039585,1455.3667988990173,207.01231909527127
64,14.498064372868177,18.68005517168925,19.324997956999937,20.87476141550487,16.501587412045136,12.761684821962096,14.746897034760336,19.50590914547855,17.65834322437315,20.83557736206216,17.538787791774364,2.8148729933603365,18.73193562713182,14.549944828310746,13.90500204300006,12.355238584495126,16.72841258795486,20.4683151780379,18.48310296523966,13.724090854521446,15.571656775626845,12.394422637937836,15.69121220822563,2.814872993360336,1587.155809373346,1371.1533698777312,1658.684068498304,1068.2070805613912,1569.9845121932756,1541.8381263233825,1565.7042508009604,1507.1108914725826,1495.291244293942,1345.450757677523,1471.058011107243,209.8271920886316
65,14.498064372868177,18.68005517168925,19.324997956999937,20.87476141550487,16.501587412045136,12.922662087202774,14.746897034760336,19.50590914547855,17.65834322437315,20.83557736206216,17.554885518298434,2.7848180089543724,18.73193562713182,14.549944828310746,13.90500204300006,12.355238584495126,16.72841258795486,20.307337912797223,18.48310296523966,13.724090854521446,15.571656775626845,12.394422637937836,15.675114481701565,2.784818008954372,1605.887745000478,1385.703314706042,1672.589070541304,1080.5623191458862,1586.7129247812304,1562.1454642361798,1584.1873537662,1520.834982327104,1510.862901069569,1357.8451803154608,1486.7331255889444,212.61201009758597
66,14.498064372868177,18.68005517168925,19.324997956999937,20.87476141550487,16.501587412045136,12.922662087202774,14.746897034760336,19.50590914547855,17.65834322437315,20.83557736206216,17.554885518298434,2.7848180089543724,18.73193562713182,14.549944828310746,13.90500204300006,12.355238584495126,16.72841258795486,20.307337912797223,18.48310296523966,13.724090854521446,15.571656775626845,12.394422637937836,15.675114481701565,2.784818008954372,1624.6196806276098,1400.2532595343528,1686.494072584304,1092.9175577303813,1603.4413373691852,1582.452802148977,1602.6704567314396,1534.5590731816253,1526.434557845196,1370.2396029533986,1502.408240070646,215.39682810654034
67,14.498064372868177,18.68005517168925,19.324997956999937,20.87476141550487,16.501587412045136,12.922662087202774,14.746897034760336,19.50590914547855,17.65834322437315,20.83557736206216,17.554885518298434,2.7848180089543724,18.73193562713182,14.549944828310746,13.90500204300006,12.355238584495126,16.72841258795486,20.307337912797223,18.48310296523966,13.724090854521446,15.571656775626845,12.394422637937836,15.675114481701565,2.784818008954372,1643.3516162547417,1414.8032043626636,1700.399074627304,1105.2727963148764,1620.16974995714,1602.7601400617743,1621.1535596966792,1548.2831640361467,1542.006214620823,1382.6340255913365,1518.0833545523474,218.18164611549471
68,14.498064372868177,18.68005517168925,19.324997956999937,20.87476141550487,16.565875886475077,14.7528192452142,15.293479046411006,19.50590914547855,17.65834322437315,20.83557736206216,17.798988282707636,2.419664463258997,18.73193562713182,14.549944828310746,13.90500204300006,12.355238584495126,16.66412411352492,18.4771807547858,17.93652095358899,13.724090854521446,15.571656775626845,12.394422637937836,15.431011717292359,2.419664463258997,1662.0835518818735,1429.3531491909744,1714.3040766703039,1117.6280348993714,1636.833874070665,1621.2373208165602,1639.0900806502682,1562.007254890668,1557.5778713964498,1395.0284482292743,1533.5143662696398,220.60131057875373
69,14.498064372868177,18.68005517168925,19.324997956999937,20.87476141550487,16.565875886475077,14.7528192452142,17.30985064391279,19.50590914547855,17.65834322437315,20.83557736206216,18.000625442457814,2.2668649101401637,18.73193562713182,14.549944828310746,13.90500204300006,12.355238584495126,16.66412411352492,18.4771807547858,15.920149356087208,13.724090854521446,15.571656775626845,12.394422637937836,15.229374557542178,2.2668649101401632,1680.8154875090054,1443.9030940192852,1728.2090787133038,1129.9832734838665,1653.4979981841898,1639.714501571346,1655.0102300063554,1575.7313457451894,1573.1495281720768,1407.4228708672122,1548.743740827182,222.86817548889388
70,14.498064372868177,18.68005517168925,19.324997956999937,20.87476141550487,16.565875886475077,14.7528192452142,17.43483872723792,19.50590914547855,17.65834322437315,20.83557736206216,18.013124250790327,2.262974229492879,18.73193562713182,14.549944828310746,13.90500204300006,12.355238584495126,16.66412411352492,18.4771807547858,15.795161272762076,13.724090854521446,15.571656775626845,12.394422637937836,15.216875749209668,2.262974229492879,1699.5474231361372,1458.453038847596,1742.1140807563038,1142.3385120683615,1670.1621222977146,1658.191682326132,1670.8053912791174,1589.4554365997108,1588.7211849477037,1419.81729350515,1563.9606165763917,225.13114971838675
71,14.498064372868177,18.68005517168925,19.324997956999937,20.87476141550487,16.565875886475077,14.7528192452142,17.43483872723792,19.50590914547855,17.65834322437315,20.83557736206216,18.013124250790327,2.262974229492879,18.73193562713182,14.549944828310746,13.90500204300006,12.355238584495126,16.66412411352492,18.4771807547858,15.795161272762076,13.724090854521446,15.571656775626845,12.394422637937836,15.216875749209668,2.262974229492879,1718.279358763269,1473.0029836759068,1756.0190827993038,1154.6937506528566,1686.8262464112395,1676.6688630809178,1686.6005525518794,1603.1795274542321,1604.2928417233306,1432.2117161430879,1579.1774923256014,227.39412394787962
72,14.498064372868177,18.68005517168925,19.324997956999937,20.87476141550487,17.011017601391824,14.7528192452142,17.43483872723792,19.50590914547855,18.09206135636108,20.83557736206216,18.101010235480796,2.2311502565511825,18.73193562713182,14.549944828310746,13.90500204300006,12.355238584495126,16.218982398608173,18.4771807547858,15.795161272762076,13.724090854521446,15.137938643638918,12.394422637937836,15.1289897645192,2.2311502565511825,1737.011294390401,1487.5529285042176,1769.9240848423037,1167.0489892373516,1703.0452288098477,1695.1460438357037,1702.3957138246415,1616.9036183087535,1619.4307803669697,1444.6061387810257,1594.3064820901207,229.6252742044308
73,14.498064372868177,18.68005517168925,19.324997956999937,20.87476141550487,17.011017601391824,14.7528192452142,17.43483872723792,19.50590914547855,18.09206135636108,20.83557736206216,18.101010235480796,2.2311502565511825,18.73193562713182,14.549944828310746,13.90500204300006,12.355238584495126,16.218982398608173,18.4771807547858,15.795161272762076,13.724090854521446,15.137938643638918,12.394422637937836,15.1289897645192,2.2311502565511825,1755.7432300175328,1502.1028733325284,1783.8290868853037,1179.4042278218467,1719.264211208456,1713.6232245904896,1718.1908750974035,1630.6277091632749,1634.5687190106087,1457.0005614189636,1609.43547185464,231.856424460982
74,14.498064372868177,18.68005517168925,19.324997956999937,20.87476141550487,17.011017601391824,17.24705927852287,17.43483872723792,19.63617643611128,18.09206135636108,20.83557736206216,18.363460967874936,1.9440885605761027,18.73193562713182,14.549944828310746,13.90500204300006,12.355238584495126,16.218982398608173,15.982940721477128,15.795161272762076,13.593823563888716,15.137938643638918,12.394422637937836,14.866539032125058,1.9440885605761022,1774.4751656446647,1516.6528181608392,1797.7340889283037,1191.7594664063417,1735.483193607064,1729.6061653119668,1733.9860363701655,1644.2215327271635,1649.7066576542477,1469.3949840569014,1624.302010886765,233.8005130215581
75,14.498064372868177,18.68005517168925,19.324997956999937,20.87476141550487,17.011017601391824,17.24705927852287,17.43483872723792,19.63617643611128,18.09206135636108,20.88896268829517,18.368799500498238,1.951689793668735,18.73193562713182,14.549944828310746,13.90500204300006,12.355238584495126,16.218982398608173,15.982940721477128,15.795161272762076,13.593823563888716,15.137938643638918,12.341037311704827,14.861200499501757,1.9516897936687343,1793.2071012717965,1531.20276298915,1811.6390909713036,1204.1147049908368,1751.7021760056723,1745.589106033444,1749.7811976429275,1657.8153562910522,1664.8445962978867,1481.7360213686063,1639.1632113862668,235.75220281522684
76,14.498064372868177,18.68005517168925,19.324997956999937,20.87476141550487,17.011017601391824,17.24705927852287,17.43483872723792,19.63617643611128,18.178370160006786,20.88896268829517,18.37743038086281,1.950520496595068,18.73193562713182,14.549944828310746,13.90500204300006,12.355238584495126,16.218982398608173,15.982940721477128,15.795161272762076,13.593823563888716,15.051629839993211,12.341037311704827,14.852569619137189,1.9505204965950675,1811.9390368989284,1545.7527078174608,1825.5440930143036,1216.4699435753319,1767.9211584042805,1761.5720467549213,1765.5763589156895,1671.409179854941,1679.89622613788,1494.0770586803112,1654.015781005404,237.7027233118219
77,14.498064372868177,18.68005517168925,19.324997956999937,20.87476141550487,17.387736735798924,17.24705927852287,17.43483872723792,19.63617643611128,18.178370160006786,20.88896268829517,18.415102294303516,1.9246641774978883,18.73193562713182,14.549944828310746,13.90500204300006,12.355238584495126,15.842263264201073,15.982940721477128,15.795161272762076,13.593823563888716,15.051629839993211,12.341037311704827,14.814897705696477,1.9246641774978879,1830.6709725260603,1560.3026526457716,1839.4490950573036,1228.825182159827,1783.7634216684817,1777.5549874763985,1781.3715201884515,1685.0030034188296,1694.9478559778731,1506.418095992016,1668.8306787111005,239.62738748931977
78,14.498064372868177,18.68005517168925,19.324997956999937,20.87476141550487,17.387736735798924,17.24705927852287,17.43483872723792,19.63617643611128,18.178370160006786,20.88896268829517,18.415102294303516,1.9246641774978883,18.73193562713182,14.549944828310746,13.90500204300006,12.355238584495126,15.842263264201073,15.982940721477128,15.795161272762076,13.593823563888716,15.051629839993211,12.341037311704827,14.814897705696477,1.9246641774978879,1849.4029081531921,1574.8525974740824,1853.3540971003035,1241.180420744322,1799.6056849326828,1793.5379281978758,1797.1666814612136,1698.5968269827183,1709.9994858178663,1518.759133303721,1683.645576416797,241.55205166681765
79,14.515601395692974,18.68005517168925,20.53383481545428,20.87476141550487,17.387736735798924,17.24705927852287,17.43483872723792,19.63617643611128,18.178370160006786,20.88896268829517,18.537739682431432,2.019698245753951,18.71439860430702,14.549944828310746,12.696165184545716,12.355238584495126,15.842263264201073,15.982940721477128,15.795161272762076,13.593823563888716,15.051629839993211,12.341037311704827,14.692260317568564,2.0196982457539505,1868.1173067574991,1589.4025423023932,1866.0502622848492,1253.535659328817,1815.447948196884,1809.520868919353,1812.9618427339756,1712.190650546607,1725.0511156578596,1531.100170615426,1698.3378367343655,243.5717499125716
80,14.515601395692974,18.68005517168925,20.53383481545428,21.585608753921992,17.387736735798924,17.24705927852287,17.43483872723792,19.63617643611128,18.178370160006786,20.88896268829517,18.608824416273144,2.1210567056527894,18.71439860430702,14.549944828310746,12.696165184545716,11.644391246078005,15.842263264201073,15.982940721477128,15.795161272762076,13.593823563888716,15.051629839993211,12.341037311704827,14.621175583726853,2.121056705652789,1886.8317053618061,1603.952487130704,1878.7464274693948,1265.180050574895,1831.2902114610852,1825.5038096408302,1828.7570040067376,1725.7844741104957,1740.1027454978528,1543.4412079271308,1712.9590123180924,245.69280661822438
81,14.515601395692974,19.155153205597536,20.53383481545428,21.585608753921992,17.387736735798924,21.28411553408392,17.43483872723792,19.63617643611128,18.178370160006786,20.88896268829517,19.06003984522008,2.2123431496022246,18.71439860430702,14.074846794402461,12.696165184545716,11.644391246078005,15.842263264201073,11.945884465916077,15.795161272762076,13.593823563888716,15.051629839993211,12.341037311704827,14.16996015477992,2.212343149602224,1905.5461039661132,1618.0273339251064,1891.4425926539404,1276.8244418209729,1847.1324747252863,1837.4496941067464,1844.5521652794996,1739.3782976743844,1755.154375337846,1555.7822452388357,1727.1289724728724,247.9051497678266
82,14.515601395692974,19.155153205597536,20.53383481545428,21.585608753921992,17.663932070893555,21.28411553408392,17.43483872723792,19.63617643611128,18.178370160006786,20.88896268829517,19.08765937872954,2.190764725584032,18.71439860430702,14.074846794402461,12.696165184545716,11.644391246078005,15.566067929106442,11.945884465916077,15.795161272762076,13.593823563888716,15.051629839993211,12.341037311704827,14.142340621270455,2.1907647255840317,1924.2605025704202,1632.1021807195089,1904.138757838486,1288.4688330670508,1862.6985426543927,1849.3955785726625,1860.3473265522616,1752.972121238273,1770.2060051778392,1568.1232825505406,1741.271313094143,250.09591449341065
83,14.515601395692974,19.155153205597536,20.53383481545428,21.585608753921992,17.663932070893555,21.28411553408392,17.43483872723792,19.63617643611128,18.29949727645957,20.88896268829517,19.09977209037482,2.1855072176119332,18.71439860430702,14.074846794402461,12.696165184545716,11.644391246078005,15.566067929106442,11.945884465916077,15.795161272762076,13.593823563888716,14.930502723540428,12.341037311704827,14.130227909625177,2.185507217611933,1942.9749011747272,1646.1770275139113,1916.8349230230317,1300.1132243131287,1878.264610583499,1861.3414630385787,1876.1424878250236,1766.5659448021618,1785.1365079013797,1580.4643198622455,1755.401541003768,252.28142171102257
84,14.515601395692974,19.155153205597536,20.53383481545428,21.585608753921992,17.663932070893555,21.28411553408392,17.43483872723792,19.63617643611128,18.29949727645957,20.88896268829517,19.09977209037482,2.1855072176119332,18.71439860430702,14.074846794402461,12.696165184545716,11.644391246078005,15.566067929106442,11.945884465916077,15.795161272762076,13.593823563888716,14.930502723540428,12.341037311704827,14.130227909625177,2.185507217611933,1961.6892997790342,1660.2518743083137,1929.5310882075773,1311.7576155592067,1893.8306785126053,1873.2873475044948,1891.9376490977857,1780.1597683660505,1800.0670106249202,1592.8053571739504,1769.531768913393,254.4669289286345
85,14.515601395692974,19.155153205597536,20.53383481545428,21.585608753921992,17.663932070893555,21.28411553408392,17.43483872723792,19.63617643611128,18.29949727645957,20.88896268829517,19.09977209037482,2.1855072176119332,18.71439860430702,14.074846794402461,12.696165184545716,11.644391246078005,15.566067929106442,11.945884465916077,15.795161272762076,13.593823563888716,14.930502723540428,12.341037311704827,14.130227909625177,2.185507217611933,1980.4036983833412,1674.3267211027162,1942.227253392123,1323.4020068052846,1909.3967464417117,1885.233231970411,1907.7328103705477,1793.7535919299391,1814.9975133484606,1605.1463944856553,1783.6619968230182,256.65243614624643
86,14.515601395692974,19.155153205597536,20.53383481545428,21.585608753921992,17.663932070893555,21.28411553408392,17.43483872723792,19.63617643611128,18.29949727645957,20.88896268829517,19.09977209037482,2.1855072176119332,18.71439860430702,14.074846794402461,12.696165184545716,11.644391246078005,15.566067929106442,11.945884465916077,15.795161272762076,13.593823563888716,14.930502723540428,12.341037311704827,14.130227909625177,2.185507217611933,1999.1180969876482,1688.4015678971186,1954.9234185766686,1335.0463980513625,1924.962814370818,1897.1791164363271,1923.5279716433097,1807.3474154938278,1829.9280160720011,1617.4874317973602,1797.7922247326433,258.83794336385836
87,14.515601395692974,19.155153205597536,20.53383481545428,21.585608753921992,17.663932070893555,21.28411553408392,17.43483872723792,19.63617643611128,18.29949727645957,20.88896268829517,19.09977209037482,2.1855072176119332,18.71439860430702,14.074846794402461,12.696165184545716,11.644391246078005,15.566067929106442,11.945884465916077,15.795161272762076,13.593823563888716,14.930502723540428,12.341037311704827,14.130227909625177,2.185507217611933,2017.8324955919552,1702.476414691521,1967.6195837612142,1346.6907892974405,1940.5288822999244,1909.1250009022433,1939.3231329160717,1820.9412390577165,1844.8585187955416,1629.828469109065,1811.9224526422684,261.0234505814703
88,14.515601395692974,19.155153205597536,20.53383481545428,21.585608753921992,17.663932070893555,21.28411553408392,17.43483872723792,19.63617643611128,18.29949727645957,20.88896268829517,19.09977209037482,2.1855072176119332,18.71439860430702,14.074846794402461,12.696165184545716,11.644391246078005,15.566067929106442,11.945884465916077,15.795161272762076,13.593823563888716,14.930502723540428,12.341037311704827,14.130227909625177,2.185507217611933,2036.5468941962622,1716.5512614859235,1980.3157489457599,1358.3351805435184,1956.0949502290307,1921.0708853681595,1955.1182941888337,1834.5350626216052,1859.789021519082,1642.16950642077,1826.0526805518934,263.2089577990822
89,14.515601395692974,19.155153205597536,20.53383481545428,21.585608753921992,17.663932070893555,21.28411553408392,17.43483872723792,19.63617643611128,18.53538335540884,20.88896268829517,19.123360698269746,2.177167038614117,18.71439860430702,14.074846794402461,12.696165184545716,11.644391246078005,15.566067929106442,11.945884465916077,15.795161272762076,13.593823563888716,14.694616644591157,12.341037311704827,14.106639301730251,2.177167038614117,2055.261292800569,1730.626108280326,1993.0119141303055,1369.9795717895963,1971.661018158137,1933.0167698340756,1970.9134554615957,1848.128886185494,1874.4836381636733,1654.5105437324748,1840.1593198536236,265.38612483769634
90,14.515601395692974,19.155153205597536,20.53383481545428,21.585608753921992,17.663932070893555,21.28411553408392,17.43483872723792,19.63617643611128,18.53538335540884,20.88896268829517,19.123360698269746,2.177167038614117,18.71439860430702,14.074846794402461,12.696165184545716,11.644391246078005,15.566067929106442,11.945884465916077,15.795161272762076,13.593823563888716,14.694616644591157,12.341037311704827,14.106639301730251,2.177167038614117,2073.975691404876,1744.7009550747284,2005.7080793148511,1381.6239630356743,1987.2270860872434,1944.9626542999918,1986.7086167343577,1861.7227097493826,1889.1782548082645,1666.8515810441797,1854.2659591553538,267.5632918763105
91,17.87778640653005,19.155153205597536,20.53383481545428,21.585608753921992,17.663932070893555,21.28411553408392,17.43483872723792,19.63617643611128,18.53538335540884,20.88896268829517,19.459579199353453,1.55813590718383,15.352213593469948,14.074846794402461,12.696165184545716,11.644391246078005,15.566067929106442,11.945884465916077,15.795161272762076,13.593823563888716,14.694616644591157,12.341037311704827,13.770420800646543,1.5581359071838303,2089.327904998346,1758.7758018691309,2018.4042444993968,1393.2683542817522,2002.7931540163497,1956.908538765908,2002.5037780071198,1875.3165333132713,1903.8728714528556,1679.1926183558846,1868.0363799560002,269.1214277834943
92,17.87778640653005,19.155153205597536,20.53383481545428,21.585608753921992,17.663932070893555,25.203585962117696,17.43483872723792,19.63617643611128,18.53538335540884,20.88896268829517,19.85152624215683,2.356516816490124,15.352213593469948,14.074846794402461,12.696165184545716,11.644391246078005,15.566067929106442,8.0264140378823,15.795161272762076,13.593823563888716,14.694616644591157,12.341037311704827,13.378473757843164,2.356516816490124,2104.680118591816,1772.8506486635333,2031.1004096839424,1404.91274552783,2018.359221945456,1964.93495280379,2018.2989392798818,1888.91035687716,1918.5674880974468,1691.5336556675895,1881.4148537138435,271.4779445999844
93,17.87778640653005,19.155153205597536,20.53383481545428,21.585608753921992,17.663932070893555,25.338381531601705,17.43483872723792,19.63617643611128,18.53538335540884,20.88896268829517,19.86500579910523,2.3906708564364916,15.352213593469948,14.074846794402461,12.696165184545716,11.644391246078005,15.566067929106442,7.891618468398292,15.795161272762076,13.593823563888716,14.694616644591157,12.341037311704827,13.364994200894765,2.3906708564364916,2120.032332185286,1786.9254954579358,2043.796574868488,1416.557136773908,2033.9252898745624,1972.8265712721884,2034.0941005526438,1902.5041804410487,1933.262104742038,1703.8746929792944,1894.7798479147382,273.8686154564209
94,17.87778640653005,19.155153205597536,20.53383481545428,21.585608753921992,17.663932070893555,25.338381531601705,17.43483872723792,19.63617643611128,18.53538335540884,20.88896268829517,19.86500579910523,2.3906708564364916,15.352213593469948,14.074846794402461,12.696165184545716,11.644391246078005,15.566067929106442,7.891618468398292,15.795161272762076,13.593823563888716,14.694616644591157,12.341037311704827,13.364994200894765,2.3906708564364916,2135.384545778756,1801.0003422523382,2056.4927400530337,1428.201528019986,2049.491357803669,1980.7181897405867,2049.889261825406,1916.0980040049374,1947.9567213866292,1716.2157302909993,1908.1448421156329,276.2592863128574
95,17.87778640653005,19.155153205597536,20.53383481545428,21.585608753921992,17.663932070893555,25.338381531601705,17.43483872723792,19.63617643611128,18.53538335540884,20.88896268829517,19.86500579910523,2.3906708564364916,15.352213593469948,14.074846794402461,12.696165184545716,11.644391246078005,15.566067929106442,7.891618468398292,15.795161272762076,13.593823563888716,14.694616644591157,12.341037311704827,13.364994200894765,2.3906708564364916,2150.736759372226,1815.0751890467407,2069.1889052375795,1439.845919266064,2065.0574257327753,1988.609808208985,2065.684423098168,1929.691827568826,1962.6513380312203,1728.5567676027042,1921.5098363165275,278.6499571692939
96,17.87778640653005,19.155153205597536,20.53383481545428,21.585608753921992,17.663932070893555,25.338381531601705,17.43483872723792,19.63617643611128,18.53538335540884,20.88896268829517,19.86500579910523,2.3906708564364916,15.352213593469948,14.074846794402461,12.696165184545716,11.644391246078005,15.566067929106442,7.891618468398292,15.795161272762076,13.593823563888716,14.694616644591157,12.341037311704827,13.364994200894765,2.3906708564364916,2166.088972965696,1829.150035841143,2081.8850704221254,1451.4903105121418,2080.6234936618816,1996.5014266773833,2081.47958437093,1943.2856511327147,1977.3459546758115,1740.897804914409,1934.8748305174222,281.04062802573037
97,17.87778640653005,19.155153205597536,20.53383481545428,21.585608753921992,17.663932070893555,25.338381531601705,17.43483872723792,19.63617643611128,18.53538335540884,20.88896268829517,19.86500579910523,2.3906708564364916,15.352213593469948,14.074846794402461,12.696165184545716,11.644391246078005,15.566067929106442,7.891618468398292,15.795161272762076,13.593823563888716,14.694616644591157,12.341037311704827,13.364994200894765,2.3906708564364916,2181.441186559166,1843.2248826355456,2094.5812356066713,1463.1347017582198,2096.189561590988,2004.3930451457816,2097.274745643692,1956.8794746966034,1992.0405713204027,1753.238842226114,1948.2398247183169,283.43129888216686
98,17.87778640653005,19.155153205597536,20.53383481545428,21.585608753921992,17.663932070893555,25.338381531601705,17.43483872723792,19.63617643611128,18.53538335540884,20.88896268829517,19.86500579910523,2.3906708564364916,15.352213593469948,14.074846794402461,12.696165184545716,11.644391246078005,15.566067929106442,7.891618468398292,15.795161272762076,13.593823563888716,14.694616644591157,12.341037311704827,13.364994200894765,2.3906708564364916,2196.793400152636,1857.299729429948,2107.277400791217,1474.7790930042977,2111.7556295200943,2012.2846636141799,2113.069906916454,1970.4732982604921,2006.7351879649939,1765.579879537819,1961.6048189192115,285.82196973860334
99,17.87778640653005,19.155153205597536,20.53383481545428,21.585608753921992,17.663932070893555,25.36605342038099,17.43483872723792,19.63617643611128,18.53538335540884,20.88896268829517,19.867772987983162,2.3977158283910454,15.352213593469948,14.074846794402461,12.696165184545716,11.644391246078005,15.566067929106442,7.863946579619007,15.795161272762076,13.593823563888716,14.694616644591157,12.341037311704827,13.362227012016836,2.3977158283910454,2212.145613746106,1871.3745762243504,2119.973565975763,1486.4234842503756,2127.3216974492007,2020.148610193799,2128.865068189216,1984.0671218243808,2021.429804609585,1777.9209168495238,1974.9670459312283,288.2196855669944
100,17.87778640653005,19.155153205597536,20.53383481545428,22.568765508582818,17.663932070893555,25.36605342038099,17.43483872723792,19.63617643611128,18.53538335540884,20.88896268829517,19.966088663449245,2.494195748814206,15.352213593469948,14.074846794402461,12.696165184545716,10.66123449141718,15.566067929106442,7.863946579619007,15.795161272762076,13.593823563888716,14.694616644591157,12.341037311704827,13.263911336550754,2.494195748814206,2227.497827339576,1885.449423018753,2132.669731160309,1497.0847187417928,2142.887765378307,2028.012556773418,2144.660229461978,1997.6609453882695,2036.1244212541762,1790.2619541612287,1988.230957267779,290.7138813158086
101,17.87778640653005,19.155153205597536,20.53383481545428,22.568765508582818,17.663932070893555,25.36605342038099,17.43483872723792,19.63617643611128,18.53538335540884,20.88896268829517,19.966088663449245,2.494195748814206,15.352213593469948,14.074846794402461,12.696165184545716,10.66123449141718,15.566067929106442,7.863946579619007,15.795161272762076,13.593823563888716,14.694616644591157,12.341037311704827,13.263911336550754,2.494195748814206,2242.850040933046,1899.5242698131553,2145.3658963448547,1507.74595323321,2158.4538333074133,2035.8765033530372,2160.45539073474,2011.2547689521582,2050.8190378987674,1802.6029914729336,2001.49486860433,293.2080770646228
102,17.87778640653005,19.155153205597536,20.53383481545428,22.568765508582818,17.663932070893555,25.36605342038099,17.43483872723792,19.63617643611128,18.53538335540884,20.88896268829517,19.966088663449245,2.494195748814206,15.352213593469948,14.074846794402461,12.696165184545716,10.66123449141718,15.566067929106442,7.863946579619007,15.795161272762076,13.593823563888716,14.694616644591157,12.341037311704827,13.263911336550754,2.494195748814206,2258.202254526516,1913.5991166075578,2158.0620615294006,1518.4071877246272,2174.0199012365197,2043.7404499326562,2176.250552007502,2024.848592516047,2065.5136545433584,1814.9440287846385,2014.7587799408807,295.702272813437
103,17.87778640653005,19.155153205597536,20.53383481545428,22.568765508582818,17.663932070893555,25.36605342038099,17.43483872723792,19.63617643611128,18.53538335540884,20.88896268829517,19.966088663449245,2.494195748814206,15.352213593469948,14.074846794402461,12.696165184545716,10.66123449141718,15.566067929106442,7.863946579619007,15.795161272762076,13.593823563888716,14.694616644591157,12.341037311704827,13.263911336550754,2.494195748814206,2273.554468119986,1927.6739634019602,2170.7582267139464,1529.0684222160444,2189.585969165626,2051.6043965122753,2192.045713280264,2038.4424160799356,2080.2082711879493,1827.2850660963434,2028.0226912774315,298.1964685622512
104,17.87778640653005,19.155153205597536,20.53383481545428,22.568765508582818,17.834438609668588,25.36605342038099,17.43483872723792,19.63617643611128,18.53538335540884,20.88896268829517,19.98313931732675,2.4772343814958173,15.352213593469948,14.074846794402461,12.696165184545716,10.66123449141718,15.395561390331409,7.863946579619007,15.795161272762076,13.593823563888716,14.694616644591157,12.341037311704827,13.24686068267325,2.477234381495817,2288.906681713456,1941.7488101963627,2183.4543918984923,1539.7296567074616,2204.9815305559573,2059.4683430918944,2207.840874553026,2052.0362396438245,2094.9028878325403,1839.6261034080483,2041.2695519601048,300.673702943747
105,17.87778640653005,19.56045864794996,20.53383481545428,22.568765508582818,17.834438609668588,25.36605342038099,17.43483872723792,19.63617643611128,18.53538335540884,20.88896268829517,20.02366986156199,2.465470032370951,15.352213593469948,13.669541352050036,12.696165184545716,10.66123449141718,15.395561390331409,7.863946579619007,15.795161272762076,13.593823563888716,14.694616644591157,12.341037311704827,13.206330138438009,2.4654700323709506,2304.2588953069258,1955.4183515484128,2196.150557083038,1550.3908911988788,2220.3770919462886,2067.3322896715135,2223.636035825788,2065.630063207713,2109.597504477131,1851.9671407197532,2054.4758820985426,303.13917297611795
