x_0,x_1,x_2,x_3,x_4,x_5,x_6,x_7,x_8,x_9,x_10,x_11,x_12,x_13,x_14,target,iteration
13.67147013959081,18.4270331410466,13.459727010696,-3.4572154222200524,-18.363583601135467,-29.430059786128506,-8.476559085375474,-9.882431998131757,-3.8662664323715177,-6.080410209879879,-2.232176308883478,-2.830699122872982,8.044778780146451,5.618728704104562,0.984104805171981,1.839,1
-8.69541147619039,-15.546248599095614,18.69276206002231,-13.311297724466481,-19.0599469590086,-26.709580610639428,19.14352732767169,-23.607214353748407,-13.89346033979103,-26.452857762490062,-18.761503051597728,-10.318254252819756,14.807250244031763,-12.726919400106645,19.23747186426357,0.647,2
-28.56339755183523,-12.415763186493997,-10.95205553980735,8.208006568298003,16.94019566553859,-14.015510176648617,-8.376203360479206,-16.492712920426733,10.052794316319726,1.9119403061560654,-26.56549332709214,0.18222381845556157,9.778727921448834,-28.39959217871016,-7.227608894703348,1.105,3
9.50862706691428,19.429825905686464,-0.8017728249516658,-28.054385117883907,-7.678854624104872,-20.591374235334285,1.3527823427624206,-19.23411002636269,-22.451494617125178,-3.192784666021275,-24.980660288772533,6.557921599033136,16.982551972058737,17.165909223160092,-11.26307474911119,0.892,4
-0.2124877062987096,3.0991356137233836,-4.470977237336484,-6.4553709178075245,-29.55638572074246,-26.60517982173154,-8.25918858082056,-8.425318455981962,-20.70581572401145,-3.514734164904773,-0.04568735299303128,6.046223334379171,-14.680207168038324,-9.78022676126173,11.139121024876324,1.436,5
-15.243173664678428,-27.69988307195504,-2.5840770656265555,14.513295098818169,0.5904429371840934,-12.077252942832018,18.83877274513072,5.689103750668757,-23.247293457742032,-3.04793688827629,-27.42367808445424,0.9705956857893092,-6.264401576222056,5.462331875940393,-28.629504550992923,0.849,6
7.421852556667858,13.469979183068304,11.490032326827048,2.6874640166647765,-28.857792199001114,-25.456611052971834,-19.62814752059319,-25.948388266657325,-10.360867240263705,-21.665616075663245,5.085289284093008,-4.064639119361647,-3.1834933424512606,10.178329301888027,-1.2360075742438816,1.0,7
2.2877796097236427,11.369202115828784,-18.178459584519143,14.685849010144615,-18.890464926452815,-29.175215610072897,-2.4255834880016387,10.413614324982476,-7.828957630645608,-18.814214302073385,14.877588202464224,3.2519822715309132,5.375627513423339,8.379169943225534,-19.100049823437583,1.318,8
-16.55114330087197,-18.856565148316808,-28.186503444364355,-14.467044029475991,-18.63294564434774,-22.47192749998768,-1.8433633105052465,17.669792844178986,7.2872410808804275,5.445932430575823,6.312306083458687,-16.868028468655645,-22.933275691609,19.338408146649584,9.110043155505828,0.796,9
14.800831883376219,4.777848802804421,-24.51697646975254,-21.71392525172477,-5.835348558800746,-25.120381069292787,-26.732239557250654,-21.13918452854169,-2.208650711498244,14.931397034954436,-11.410118296501278,-29.405506856813446,10.393698044045308,-23.122594128884263,-14.351806144724929,0.699,10
-28.753403378914655,-5.994419986133288,1.4768666964479813,10.741761277699837,-0.5874665451473255,-5.234022167670229,-20.678224452172003,-5.535052974971961,3.041594841749081,4.055746188871332,-25.545350182099632,-6.551981947270171,17.959572185797875,14.311297521349019,12.884355411882538,1.423,11
17.996752539082898,2.175093178612599,12.962111882203615,-21.82258804167835,-8.193406959204133,-3.3540955138502326,11.407033799150206,-17.86558697392554,-5.5024116899812405,-18.633077344011852,-19.257433869434628,-11.266000424365636,7.083677579505668,-9.536372884362379,-4.128093654447557,1.797,12
-18.167923698210892,19.412793575691204,-2.0353440312076145,-23.10867798348047,-11.26540195710053,1.020326559446552,-5.98169529961606,-29.81895033891517,1.537152796309222,-14.55084131147952,-1.5340127089296232,-11.089535442756194,10.421442234875755,-14.352339025910117,-26.257768559789895,1.122,13
8.164831089001261,-20.643365812124102,-18.237116688872987,-3.055812561515843,-20.125972395496202,-9.373816116821349,-28.33599559106124,-9.353545525891889,-10.980440518590811,-26.889473557725037,3.1106192541713895,-27.440562572149837,-20.070294962637355,-14.25700613536306,8.9115155912151,1.08,14
-16.68102693411118,-13.098984009797753,15.941046333219681,9.469206418538917,17.844702005293435,-13.709262870698065,15.294024681785068,-4.359832177991397,-25.360410782821535,-29.259971391820724,-16.471761483427795,10.924593507997365,-12.116090149301392,2.097007548976613,-4.205422064976123,1.179,15
1.344257506664043,-16.236623730223133,-16.62076975228711,-28.061927952746213,-29.90953747958392,-5.410088433576771,-19.349344925988248,-18.42971005320855,8.299809550537177,-10.234307625813408,-8.10301265700787,-3.2669081116026852,-19.396582788719464,-26.74706408840143,-6.786039434958457,0.772,16
-2.727453716289009,11.67178253845821,5.958189772716395,-17.866987186500864,14.686217840560275,2.755442457842264,8.546514424578973,-26.696534012037873,-27.379257076409043,-26.243485902554603,-21.415640971078112,-27.91287426730871,-25.63917897784452,-28.76477848563213,-5.469160988726902,0.46,17
-10.287634408410135,3.816976540807005,8.09343512428,-18.468343969992524,14.418156185797933,-23.60351709823698,-17.309580067366298,-2.4536966098881905,-25.609845080346407,-29.83562229260289,-0.7661687785870228,-25.75225759172928,-27.91567787408159,-14.299247117273712,15.820843931321981,0.607,18
-22.5479190564456,-16.702840318801428,-25.791177212545907,-17.643839521253767,3.4908300483318015,-4.775220044840772,-1.483024028314258,-12.766014433911618,-4.546269277271378,1.2039467718247252,-10.143661050395902,6.940995585101014,-28.349588641936,5.237518795194013,-4.568323163031696,1.187,19
8.325833724629852,-14.292694197706087,-9.402075792769178,-13.825149702953293,-24.352447108462904,-15.826870632121677,17.483734052773663,-21.66798499574726,-28.908690674507355,19.912826155146902,3.7499783848378527,-20.446889024826216,-3.989791883684852,-11.31003582601749,-5.355973954404064,0.866,20
1.668177241400226,-12.908596193491391,-27.37045768034648,7.174090395854819,9.833460894938568,15.748626636731615,-0.3349405422531113,-20.986112946760123,11.318405526245833,-22.498385918901437,-2.982452062642327,-17.81336133117557,-12.87025369288554,-19.392272881783708,-16.001028114806676,1.304,21
-1.606263812359611,-10.229137183419851,-1.215164476428999,4.4598135532795595,-26.38564118371353,-27.42071891055741,-3.637893072793652,-12.681771080291512,11.526187426054385,3.225846843803666,-2.864101750026407,1.5406582027062825,-8.367002230840534,19.123053310148215,4.096597195906618,1.604,22
-3.8455530369688375,-6.87996800127307,-20.57730984058731,4.6065818474301,18.71215430948304,-23.416959607837533,-11.748873163897827,-21.41520546577693,-28.459202272193608,-4.318799465979101,-19.58293724972218,10.931823915513228,11.267851112788215,-25.130125915358796,2.457256666160049,0.722,23
-14.421586297237312,6.223617279002539,-8.884511190162687,8.013005038132988,2.441573076284662,-25.098106047870935,-29.726545980646392,-21.95705532759722,-11.31024554899751,-12.203647014078886,-22.585874068254086,6.409067929041534,-15.132779348802872,-14.389743679377066,9.137294421135003,1.112,24
17.250894046837008,7.678230581592181,13.227188861391523,-15.042112656340228,-11.87229957084937,-11.634857040364405,4.663937765345606,-14.311252534195432,-3.739800005066132,-13.974317795430386,-13.01044795504643,-8.212231759254415,6.916622895232058,-4.404072897916685,-2.4833341699836127,2.561,25
17.952758426920422,8.610764642208796,13.483885986048533,-9.806317433052092,-14.169072190810551,-14.71279464228363,3.3424979854844517,-9.153942882813949,1.5265033137841983,-9.493370678451669,-9.673184602410021,-5.617509491471281,5.493036201672226,-1.157812910602117,-0.5858063726557361,2.785,26
20.0,16.44469746638084,20.0,-10.606921980792754,-13.282703493947654,-8.374261823824432,5.196652383842977,-6.150979259200807,7.0996975864400325,-12.962029316133425,-9.330737049624526,-7.1419033727818,11.858070855470087,-3.143841313232788,-2.2053749072986717,2.489,27
14.29641097804911,4.081359910473438,16.27770113446759,-4.54687261239874,-12.987712804895637,-15.126658627304636,11.523523209747921,-9.718279656397367,6.228135614793537,-17.32500299554799,1.3937503314574933,10.44346009922046,7.612469195630979,-3.78730014560605,-1.719605237178481,2.502,28
-2.6141611913218235,-20.793466944932582,-28.505209345162587,7.20881592489377,-3.3248460315755466,3.079118551213824,18.917558178246438,0.7984881728780593,3.398673640665656,11.87352504809516,-19.462891627883238,-0.6347514110086117,12.016537327379858,1.7503506185271611,-27.532287146518993,1.259,29
20.0,9.521535302901784,20.0,-9.302422462760758,-9.427361218134457,-12.941489571819545,9.423064613375221,-14.955650002121184,9.67932960699311,-3.1074491617023465,-12.708141801776184,6.333161000627032,-6.438325048515296,-1.5968512638979773,3.112164894994386,2.289,30
20.0,-5.89178518074394,20.0,-12.656258202908045,-13.053456900157483,-7.640210266970739,-1.722977620647993,1.8659335025126207,0.9916531164244908,-8.963127060201268,-4.802676112026946,2.3103696863753416,8.922310794880996,2.5501828315164525,-0.15516347943999984,3.51,31
13.529356989399417,-4.277094138637722,11.021935287795294,-19.083552377634017,-5.3092479683839855,13.236114974099316,-4.118381278316313,-21.727927198364046,15.508371891684348,-20.973911531021564,-15.140348757257456,-17.836529606484063,-29.71220179509454,10.689301894291887,6.506823523602847,1.15,32
20.0,-10.27937910078439,20.0,-10.82654643593324,-20.83813005150305,-2.2140416812751447,-4.533303141476156,16.487279154611635,0.8483304847056916,-3.5376297288286147,-6.4199875610934045,12.715143422098407,15.526055534540937,-0.4280423754331268,6.885493413523537,1.846,33
17.95252801588932,-5.685688050605172,18.11980126595693,-22.41893183673575,-2.1917731268302987,-0.25696585504535463,-10.307949332480355,-11.239392005446902,-10.78828765198417,-6.164142081881447,19.00643288745097,-5.446975068162587,10.693117206372229,15.403990577880577,-13.060455617818828,1.816,34
20.0,-8.616790900250432,20.0,-15.772364908851882,-6.22145804731992,-16.00878055434845,-0.41634347777094743,0.10468812556902758,7.935157803577733,-13.99364883098691,-6.494894878835423,-1.3265683202548946,8.329807405063676,6.739918827213799,-6.268595422124355,2.53,35
-18.13368510070597,15.184196656215448,-23.691483194098613,-12.363431959011834,-9.253220327067897,-26.835012381620732,-5.945041254423508,-2.334805213992521,-7.059675485051006,-1.8314286131236486,19.186704912712933,-17.993967529059486,-17.12874986224808,-27.23366416130669,7.959536530869286,1.449,36
-29.62050750301753,13.481113009976568,7.6765170097282365,3.5138497618554325,-1.6886438154281826,2.1395119951469326,-24.245125581577803,-7.221058416299638,-20.020030044828975,-26.82762238812746,16.06466889027596,12.304087440726377,-24.595683261729178,-13.869959106157538,-7.6770912804996065,0.863,37
20.0,-2.453438852399739,20.0,-7.79752949293,-12.13155975870797,-1.1116843277082251,3.4969115915003464,-5.16303176293471,-4.603185371114206,-8.29166481427022,-1.3384874831349427,-0.5128298627663735,7.153744830441601,4.930278900534313,3.9067409003567506,3.625,38
-2.282616517642712,-12.865453538416205,18.192319209305516,-16.497814091702764,4.80088818625903,-1.184478118563682,19.982535600609815,5.466390726707104,-17.949952085730935,-23.422618075015833,-23.970157164307228,-16.716273107631892,15.11129656520582,-7.266795193918696,-20.678715240608547,1.22,39
-17.022633061156576,1.6949334156977613,0.5070280639502016,-14.166885085385623,11.429140265446968,-4.922744492812161,15.984614066637178,16.794156863172603,-18.222699422919256,-4.112888408356735,11.399531531948732,12.408344254263916,-14.811073207225347,14.2173888050105,-21.56812853027812,1.614,40
17.744553381662378,-14.186691328766422,12.773868226340788,-25.386638833130828,-15.576315207011932,5.527217013350125,19.934517170161882,3.5241879410248487,7.591681581708215,-9.461068275309021,-6.059783028427052,-7.861524816199484,1.5558736056811782,12.093299564334139,9.641556334150842,1.554,41
-1.828065244689931,-13.518144373138014,19.575777109376084,-27.50738154733543,9.972444293128163,1.4532371540591953,15.474381095224587,1.7550266796005047,-13.962181554216858,-15.796698305814868,-10.93378065689933,7.573417935031586,-16.371966203072454,-8.539075183385794,-26.848339900905927,1.044,42
-6.549080552847489,8.187174400834508,-26.806086374321676,-3.6859401115917017,3.8089499881271536,-7.0205003097321885,13.021899942864003,-15.057369275696065,-9.483702544616325,-7.740045877695728,-17.456381570676598,-25.07477477183095,-14.31605217445034,1.4418455422290144,-3.5966672074132617,1.62,43
7.6743098165323005,-0.24822948834497538,12.486771904270313,-7.171910565288076,-19.489342637265445,14.119137342178547,1.881462402074412,2.561673564095564,-5.2505617328374115,3.592290155079823,0.7893828273840207,4.329417400003791,11.767800086037404,4.093400203123323,3.116247433340014,3.838,44
4.8093547496574445,-26.162053976013063,13.543438431065475,2.9157125222093896,-18.551542847955048,-9.073738945574078,-24.400483952994335,5.943856118797015,-13.363349484072991,-21.803298540880995,-7.990614453617734,-16.452371521765876,8.227135332057486,18.51742858719276,3.856033314555198,1.248,45
15.799020797917791,1.0874862122961944,20.0,-4.9614896688848,-17.301754191822887,8.281616857182899,-1.4378944636188187,-5.322922867524,-1.572944264246894,3.7403218677243344,-1.2410980368978157,3.427376024267588,9.609762147206228,0.9389649009113785,-7.069810498133622,3.491,46
-25.486489193351975,-27.678456509035456,12.963781967709949,-1.9719787742358328,-2.5193336370732524,8.882686447216699,7.20548347628808,-9.351369506217896,-21.7655828084345,-20.34235199742045,-5.0534652012595345,-11.82474655535389,3.946717657713748,-25.646838777056953,-16.927264118371163,1.201,47
-4.485408345570907,-11.165435077486954,4.652106213256914,11.156071075095731,-21.936484607802612,15.480771767297455,12.478333076889001,8.823393967898149,0.900439305771517,2.716402714141921,14.79841551784267,3.046147073680274,15.554475432844207,3.3072485760486714,4.9337733402641035,2.544,48
13.51004976081154,18.45689147721822,13.940152031498094,-12.933379979873646,-23.420288435023828,17.73016812268228,-3.7613344279094036,-17.764507759703747,5.604064286048924,4.149013188017605,-8.253412859716992,7.690343034614223,18.647760535675403,10.234340496209924,7.734550307115626,1.417,49
-24.59857422623818,-21.524652772231534,-20.14129471462463,-4.077196550038082,-24.086243062968993,6.230026956954973,-8.033286594199318,-10.824633958037051,-13.218083304587147,16.597892529260207,3.5495502740803957,15.22951980893793,-1.1066920787399646,-6.642949720385602,-22.509903143303298,1.144,50
18.04178875177886,0.6922346886400739,11.813277085258235,11.607974337968187,-3.1078716978944882,12.11027200189892,3.368676921675757,-5.559267869547742,-14.327680291459844,0.9636471822023687,2.5453448669473104,14.84804267404968,0.30055164020675207,3.190183551257455,12.685562088686751,3.114,51
12.274301631694552,5.453816280551074,17.50742102571199,-3.329140764330494,-9.516518427568478,9.115663427688979,4.098991494097147,8.644347830264635,-10.417025156746726,2.9060973506707573,6.60433080591513,-0.4268433872789738,5.160826599493708,-1.0015925439555824,1.8313213039595875,4.138,52
12.750842398798632,5.220123025646315,20.0,-0.13728154196047007,-20.705779055734613,20.0,7.596277831598848,8.796453497435662,-20.759059730464386,2.708745764548488,5.661384264096094,1.9824141617108573,4.066658993780471,5.7904887466115165,-1.2381048963880554,2.391,53
18.961279320923722,15.770065743225771,12.52678533327768,-14.746643880363893,-11.441261722016712,-10.3886223998649,6.905708920750136,-5.200775683563204,17.262066778339808,-1.790043757614601,-11.236069407927648,-1.7812926950992534,7.3405108955516525,-6.45948013859331,3.204839372605015,2.34,54
12.605696247348881,4.28450122335034,18.56220027484143,0.22838774004820195,2.015713580881325,-3.585075391120263,5.1791206135149395,4.534251301428824,-18.450130252523085,4.350405114176702,13.105733164979235,-5.937572429042362,12.161169464539142,-11.016804700503059,-10.305307195352217,2.829,55
10.381188130650635,6.756817322579316,4.693092425566704,-17.579159572009207,15.382420396916288,-18.610477431215834,-18.592152764254543,-12.663543850442583,17.875921643539733,-4.738823228091455,-12.762810955754357,-2.474979699152204,15.694855259432948,-13.528891909780938,-12.900160019619477,1.298,56
14.415402917788086,0.9612606944473718,15.363255996436372,7.44947944409865,-7.966213293699806,14.281824590760507,3.299754089064116,9.137841569214814,-15.701724643372351,-3.0252076478201353,4.220525015490601,12.311385930716106,4.367985461138559,-10.491131173278678,2.372892455184207,2.941,57
12.752088054662018,9.006444836727475,-25.740274588555963,-9.463277319635061,-20.31906875562845,13.58849476202726,-18.88309336040583,-0.9439148123855219,6.354091159212601,16.368101918519535,17.795247805965758,-14.43118727326589,7.374234503919922,-4.9477333764519855,8.668745211868789,1.333,58
-18.201466886092753,6.970683325745078,-3.3121894356247985,0.5911243937847637,-11.884714663533892,16.559185531271083,-22.423997943839343,7.194407583304823,-13.705707268745456,7.653196828543209,18.69684834101318,18.817972511213597,3.8200722588806357,-7.878723384479027,-15.598880390319538,1.572,59
-16.15755221427492,15.821993918585832,6.272050122645055,0.647634521942301,0.9021822787924947,-12.84795660805851,-22.272210232780445,11.884860361385755,2.181951392664793,-29.94153553119703,1.1489427332563196,-0.4448863353695387,-17.620816290953318,-15.897754829601602,4.853473061323612,1.801,60
-0.016721485745076592,5.513373706727393,19.47318908304476,-1.5591106576865528,-5.0262268476683865,6.9074000758581064,5.512437055283357,13.851138442938463,17.702795049037093,16.72930296293186,6.1364990517176,9.166198877152006,-8.094676881864832,14.954015856949717,16.79885096564491,2.389,61
7.497029670412412,0.1795154669930895,19.13691255090268,-6.412121127995033,-3.567831722798807,7.132671263495836,0.26172205809100313,1.836383725570996,-2.2698161371568726,5.686287284397036,5.761830730041173,-1.0724420909287946,10.134246691414605,-3.7926159353581137,9.397119522842186,4.838,62
8.828133831786033,12.92631860551164,9.415656493670362,-22.802301855335024,-1.1394498516123228,-2.3537897797233427,16.131739092400295,9.870183783555703,-12.966842654189328,1.0159570736875594,19.610525745955968,-2.266370887239045,16.466894972625845,2.760044505672738,15.122061607506524,2.154,63
13.629481646652778,-6.978070349007734,17.976315519017234,-5.811013818740452,0.6665851078853819,10.842118460622252,-7.359702949073483,-2.2780165154607737,4.906940734771027,-1.4654382259337346,6.625774631363647,-12.849850963609999,7.885934174646593,-10.717544738707058,18.233452781438913,3.0,64
13.176677132327157,0.311864811608082,16.086506021727878,10.273166680223234,12.995210783080758,10.9603195493047,-19.316985283308824,11.478149664779373,-9.454378877821007,17.65263013005662,8.675905847588588,13.765941351424743,2.7666981865038167,-18.033539985618614,18.925712731655423,1.702,65
8.51659219550774,-8.045078000151573,15.309210039676657,2.6299869141147028,-8.603397114602679,7.2816159577615736,14.841282188901332,-0.6909542684455836,-13.284213744604351,14.842600533267934,15.973485291415201,10.993239700632564,6.193134827954296,0.21190185004856588,10.922264813254202,2.806,66
4.63968869247627,1.523256695967472,11.976060000763049,-14.406459482423578,-13.317294606449444,12.359862334606802,10.255038177261667,17.92570966361688,0.7415893394700888,16.428910217671536,2.629755803520929,-6.724529501759868,17.25440044113406,-27.67107554705987,2.6715366713926088,1.465,67
-25.83448440936031,-7.6909786271192075,1.2210090459845375,6.442862666440362,-14.05219389242548,-25.706851705850234,16.550570694433347,0.934693906496431,1.4665975108345215,-10.812080254599579,5.021512347185592,-14.27196468915964,-1.0792420315236875,-20.606805603099254,-29.80218234429102,1.192,68
-5.359213400952317,-25.697186815288376,-6.272435615492697,-20.462197420252615,-26.02044773947765,-11.692357477143666,-14.12254827842467,5.48746914869443,8.578830171983327,-21.279191427984365,-15.632141872093076,15.119268544785825,-2.0269410635693035,-4.644036936155828,13.791757664400109,1.079,69
-26.581923419345923,-15.025935580217388,-8.419862496272323,16.45570005782423,-14.17631398503409,-22.567950408356516,-15.409993113757505,-18.24161237282732,-22.05833009252238,19.68282848941722,-22.564699617935442,15.972250651173283,-27.59485093400678,-26.96020414958271,7.359748723183209,0.453,70
11.466321582871117,4.399582908198198,9.480651267542633,3.9763243808511675,4.8675614120570785,-8.023959583451223,-6.801752332248547,3.216406593736444,-10.219841368433993,16.76636596222987,5.4634286848246845,-11.203535401806509,15.633491125657208,2.3967539769198396,4.040143946482061,3.517,71
6.452378502378799,2.0754498241539423,8.00332584470275,5.671264232542775,8.511181368553771,3.098626429641726,9.953383046250295,-2.0843196277274174,0.2824062511642609,2.985339617828444,2.8771461227516255,2.274055743111326,2.960856213237406,-6.880868127397907,18.846035397303503,5.503,72
3.0542738448336806,3.6674309197904478,10.53215493330832,-1.243786393862024,-5.034691376172404,-1.8639909116432953,7.657866176112073,-16.50154320559333,3.7267879724466226,8.826808216659984,-4.5965083655810055,4.248581707028528,7.465897433595067,11.659705414585524,19.870052402729584,3.43,73
13.123608482724222,8.303997095899334,8.605642533596601,-7.016884370164167,6.096565082893264,-0.20071765661937846,12.334564238834929,-3.5360544425516736,0.01992063862410376,0.3469342410972054,7.27920726578283,9.111969017431917,2.1773435155532326,-14.539529418781417,15.145661757536928,3.795,74
1.5998716728695115,12.497382905440723,0.9384175407890609,2.3371733109998587,2.075342351000252,12.7573304236519,8.760861564431728,-13.787127030861281,-10.15953317321165,-1.2406683033797457,-14.000769127886848,0.172438831447284,8.021367269446102,-0.025641609478583405,19.173103685611416,3.601,75
12.84940136656099,-10.426833849598566,13.404326391205174,3.05438313284931,-13.72392360159039,1.749839579661522,6.271639559485351,-17.081442474051823,18.58574743338918,10.20465135297264,-17.05544445278011,-22.102227155833532,-20.68888058304553,3.550141350237446,-1.8843123322975686,1.689,76
4.00940824047634,0.3153994630653294,9.153494521061013,-4.705848847817119,12.344128453606501,-9.564662554230608,15.332051996319151,-3.923599971596193,-12.925862434944591,8.133648730803372,5.833745959501343,-7.042591417018947,-20.915671892090582,0.41959072437665057,-1.9652886069401916,3.464,77
-2.7612495791858755,18.623524868952835,-8.590205482818604,15.051235383564709,10.026111787078847,-9.10071519956552,17.90223592113344,4.902981596000579,3.2172536743341027,13.154249590970501,8.19154636157998,0.6703793333041972,-2.6558747202780424,3.2551937427918176,17.74865206912402,2.727,78
5.532697658048171,-7.779652847978763,-2.910720041880296,13.783778992064505,5.020561858582731,-10.036459487761462,13.211030662255958,-13.234199384542329,-0.9121402020602858,9.684189799275444,1.8922343498970235,3.04329700683882,10.488839360418623,-1.7226780151262773,17.221609461149164,3.661,79
19.62586080920918,2.2531326394405085,7.698450965118141,0.9187998661140568,17.19568269180649,0.10771493124641651,9.29397399668639,-4.406631032437609,3.7351176832339235,19.136692758289094,-2.057888367807273,-4.292545875371722,7.4509496667682455,-0.5099810672500453,5.870001731101787,3.224,80
-3.032883377748991,-2.4433829869972286,10.206232214972523,3.0365785536486456,11.879467157481834,6.997638861968284,6.210289264917542,7.7461815968452825,5.749029167292228,10.227339006222046,8.87441701280111,-4.045927450104298,13.336355568134138,5.513060348756433,7.147288748191755,4.758,81
5.242224141091988,16.781267610265367,10.482317022542993,10.484250073225958,1.570463667280901,2.547238708856,13.766342593510736,-5.0650258155351295,1.6386852366484455,-1.2792800052191744,-5.907281384980397,-3.3033944050109696,-8.663549072919054,-6.429007613339039,8.252045791496599,3.923,82
-0.5413267532859756,-8.498099100697296,15.812106459743504,17.671014340948396,14.247839252869532,3.2011945211417157,17.038407826071854,-11.65435205933132,-4.994219519764716,11.14485454104284,1.9887260848849735,-18.886841433997265,8.132601442175883,-10.77357125164637,10.570909099359888,2.265,83
-18.889403227767247,-13.716093624011712,1.0589999316894279,9.99889068828606,1.9814262110679586,2.9057208311845457,4.766642165313236,0.9117792235372164,7.1759195412958405,-0.3494216010265063,6.1656318224392805,8.619337952579322,-0.3183907904106853,3.2443219717361416,9.82677627386812,4.683,84
-13.566588433985373,18.141309961058475,-15.928209227194868,-9.899175981691688,10.080886162524251,-26.088810652321882,-23.04885816436611,-12.269560452951673,-0.03847186716741291,-12.249878248514541,-11.65039249549313,-13.497502138039899,13.90349425900559,-6.839459539285393,-12.179694351448184,1.721,85
-6.958878554767523,14.386921184163704,1.198887509189344,-1.3410181881170828,-3.6578093599527968,-23.59095522751158,11.516178681332875,-28.73704688859779,-15.013499243890667,-0.7041447360780957,8.455430141216596,-2.034066314093902,3.069707002492734,2.540595704681948,-19.134860519130516,1.689,86
-17.062582088912915,-8.366851037962022,-4.4630263153238054,0.8465468817323227,18.612912495262236,4.373076424007678,0.7552797164154619,6.391509159583897,9.85541458773887,-15.805020188703812,11.579873852083729,3.9796920064194765,9.581689602114487,3.7777866924642964,14.636215204722511,2.591,87
18.48991159364047,-1.662786254223331,-22.567413152586408,12.58045101393261,-26.8031737189399,-2.61602136662831,8.563575096580102,-22.841947288676135,0.5212399961216363,5.194147464677897,-23.45704476723884,9.317336628812185,14.823270819008371,-5.030405030936603,-0.6641902095575922,0.991,88
14.607340899751868,-2.122668590636252,3.481500295191111,13.10304004360978,-6.963690215640678,15.441504582754675,7.695816644538262,-7.608309455337881,-19.937200383853643,-16.762232921477093,-0.641393508841098,16.318231807499522,8.995267186768132,-2.842822194433321,11.02482914741298,2.339,89
-28.920122476943188,-15.562234984460234,-3.603742199349398,-20.549004060920456,-15.055564254691573,-11.137446171188426,17.545339559992357,-20.272932651409477,-10.335229167388427,8.089290475203562,-27.806303330932586,5.539349229434734,-0.42240151302976514,-5.2419349909278345,-24.573819251496793,0.735,90
0.9135361213887307,17.910822941210128,12.546434909475579,-9.404823161343295,-19.325172031917923,-14.454937883730292,-22.358886779027614,-24.56781523519527,16.480295979067364,-7.850835829234089,-26.743667034537097,-8.338337133829839,-19.558560285008316,3.6550883291000105,-3.7096989704668424,0.744,91
-23.61026712986557,-3.9308781407244027,-1.2284369440500384,5.393631172517701,8.037130510918757,13.449111152269026,14.99448023982864,-7.940674876071853,3.6181842867019043,-3.9330919810910636,7.724605106007267,6.302712207959637,-8.367159025178278,14.411804963980053,19.03496676703103,2.367,92
11.708559595963372,-11.233520377078182,7.3654500468095705,8.48770026834049,8.752093700421739,-8.698542210176825,3.139250258923404,16.63595349157795,1.6597919140970738,4.545077678140899,-1.17992326311197,11.90821127285399,-8.008582349575473,5.488046328696939,7.348978021064916,3.538,93
-7.336568927325111,-8.78264632429509,15.699810688039705,2.814558779815826,-27.723160023807694,13.954430788405325,18.57972384251049,11.045339899765132,8.547767425603212,-2.663531327586721,10.711437311553297,4.424458641425609,18.75936985375639,3.6584161721707105,7.358624075912509,1.594,94
-5.627739974955592,-10.245603292060057,2.55800093788104,17.10953093196664,6.808504533029591,-3.026155905566892,13.660002586980127,-8.781765144794257,0.10059126604103952,7.926513967600805,4.367517017044037,15.504777653768244,11.697339557967148,-2.4427143402934917,7.321967634251003,3.299,95
17.84814550956324,-11.986236894022795,15.20527189530781,-22.425309089123743,-25.831542167258405,-2.1598703506997836,-2.410110082859891,8.973623526742415,-25.634229831152958,12.076006056902209,17.464403716349025,-9.853685493207404,18.30869659721484,-10.096436275243153,-19.789824456808653,1.191,96
-7.419851909557323,-13.326068524941,13.430416224195454,0.9760110777010773,5.884076768702769,1.0123912388158125,-6.0196616235174325,9.94587993056394,5.020817991697491,-1.9151292861500053,-1.259257738551245,15.577554072177456,2.1840107262730655,-0.2746467180464691,10.873629954687914,4.526,97
-7.227082038006046,-0.35960761766060045,0.03465589181870854,-3.9908537387842884,10.088263492637282,-20.960701091499946,-27.46361666520506,2.148439933001413,-8.95767571244384,-9.332977075607893,-21.879266211012567,-20.082140762323554,-4.559791809935348,2.177483775411794,-1.2739228994778813,2.12,98
-27.821619519316595,-21.899892463031073,13.492382314036341,4.82861090620662,12.571623791164924,18.914356394224768,4.842358483890372,12.483078355054971,5.582064030008937,13.581274592924188,-5.042542006523572,5.255688809533645,4.793511350051936,-2.5768741410530787,7.417121356409986,1.605,99
-3.283609232507178,-3.17017975732546,3.138899449801201,9.42687145971044,8.247348082401821,-5.427350649031261,8.81802164138881,1.9956755242864759,-13.58491948494257,-0.2517189644279725,10.704488684588256,-4.907055327960137,2.3670874687381342,11.435195220322655,3.052396345234456,4.982,100
-0.7687468090921321,-3.895108514300688,3.4571668658515904,-8.489668202241614,5.9634045770586965,-16.551460996306318,9.045740501506288,-7.298609342051094,-4.822963266119441,17.652082568260525,5.4799001818745054,-7.134696750969145,-15.207549969205349,17.04844778668815,-3.0670098473330683,3.04,101
12.952592436463036,-19.88107921814924,4.482137673197208,-26.111787377175467,-10.337418122679399,11.390840993823673,8.443469675331457,-22.184380335165407,14.001535237558045,-21.333649548212172,-19.467546337206592,17.89742837200445,-21.284194426352677,-8.807006224810756,-26.846313434486536,0.859,102
-1.7270032663464328,-25.214488846177957,4.2680203932759895,16.8886317262587,-4.675160674517986,5.397408680812454,-17.02464886542619,-5.156506060373999,13.42620119460571,6.304687129023947,-29.440125483103596,1.632153326524655,19.17741678016823,-19.380931182897925,16.39937706689083,1.03,103
-20.7904697503468,-4.177367581091691,15.369421048778158,-24.540751005450744,-26.69990574143984,-21.77553477715019,-21.428887024054784,-29.83976944473925,10.401142720555328,-19.094135915784825,2.4632418507591964,-23.69627488824634,-18.059218909340952,17.75384546489976,12.78863307385707,0.538,104
4.711723377274176,0.21521127862119727,19.469187690703926,9.876584942501587,-3.954821918424834,12.847931294019773,0.4417452743361565,5.6411521415342065,5.28294320641028,-5.934942409083966,14.260968529787611,-2.5309883027162243,3.794898169469519,13.33338372590034,17.654275850561014,2.863,105
